sample_id,Height_BLUE,DTF_BLUE,clan,family_pi
25ALM_BC1F3s1_0002,314,60,Mota Maradi,PI607931
25ALM_BC1F3s1_0003,156.25,55,IRAT204,PI533965
25ALM_BC1F3s1_0004,287.75,61,Mota Maradi,PI576387
25ALM_BC1F3s1_0005,165,55,IRAT204,PI656026
25ALM_BC1F3s1_0007,255,55,IRAT204,PI534037
25ALM_BC1F3s1_0016,302,49,CSM-63,PI534108
25ALM_BC1F3s1_0017,178.75,53,IRAT204,PI656026
25ALM_BC1F3s1_0018,286,53,Mota Maradi,PI576387
25ALM_BC1F3s1_0022,226.5,56,Mota Maradi,PI597945
25ALM_BC1F3s1_0024,287,53,Mota Maradi,PI595745
25ALM_BC1F3s1_0027,294.5,70,Mota Maradi,PI576387
25ALM_BC1F3s1_0028,333.25,66,CSM-63,PI595739
25ALM_BC1F3s1_0029,254,53,Mota Maradi,PI533788
25ALM_BC1F3s1_0030,198.75,56,Mota Maradi,PI607931
25ALM_BC1F3s1_0035,134.25,55,IRAT204,PI656026
25ALM_BC1F3s1_0039,254.25,63,IRAT204,PI656068
25ALM_BC1F3s1_0044,199,56,Mota Maradi,PI597945
25ALM_BC1F3s1_0045,231.75,49,Mota Maradi,PI533788
25ALM_BC1F3s1_0046,231.75,70,IRAT204,PI597980
25ALM_BC1F3s1_0047,141,53,IRAT204,PI656026
25ALM_BC1F3s1_0051,219.25,53,IRAT204,PI533799
25ALM_BC1F3s1_0052,232.5,54,IRAT204,PI533912
25ALM_BC1F3s1_0056,139.75,55,IRAT204,PI656071
25ALM_BC1F3s1_0057,96.75,54,IRAT204,PI656081
25ALM_BC1F3s1_0058,132,56,IRAT204,PI655975
25ALM_BC1F3s1_0059,215.25,53,IRAT204,PI656096
25ALM_BC1F3s1_0060,356.75,66,CSM-63,PI534127
25ALM_BC1F3s1_0062,291,59,IRAT204,PI656071
25ALM_BC1F3s1_0064,289.25,55,Mota Maradi,PI533788
25ALM_BC1F3s1_0066,312,59,Mota Maradi,PI576387
25ALM_BC1F3s1_0067,181,53,IRAT204,PI533788
25ALM_BC1F3s1_0075,269.5,53,Mota Maradi,PI607931
25ALM_BC1F3s1_0077,146.75,56,Macia,PI533936
25ALM_BC1F3s1_0087,363,54,CSM-63,PI561472
25ALM_BC1F3s1_0090,296,53,Mota Maradi,PI656005
25ALM_BC1F3s1_0098,223.5,54,Mota Maradi,PI561071
25ALM_BC1F3s1_0103,303.75,66,Mota Maradi,PI607931
25ALM_BC1F3s1_0104,160.5,53,Macia,PI656031
25ALM_BC1F3s1_0105,140.75,50,IRAT204,PI533961
25ALM_BC1F3s1_0107,281.5,55,Mota Maradi,PI607931
25ALM_BC1F3s1_0113,264.5,59,Mota Maradi,PI576387
25ALM_BC1F3s1_0114,135.75,53,IRAT204,PI576435
25ALM_BC1F3s1_0116,391.75,53,CSM-63,PI595739
25ALM_BC1F3s1_0117,300.25,55,Mota Maradi,PI533949
25ALM_BC1F3s1_0120,325.75,70,CSM-63,PI656082
25ALM_BC1F3s1_0122,131,53,IRAT204,PI533957
25ALM_BC1F3s1_0123,120.75,53,IRAT204,PI595714
25ALM_BC1F3s1_0124,127.75,53,IRAT204,PI533991
25ALM_BC1F3s1_0125,154,53,Macia,PI656029
25ALM_BC1F3s1_0127,137.25,53,IRAT204,PI595714
25ALM_BC1F3s1_0131,141.5,48,IRAT204,PI576332
25ALM_BC1F3s1_0140,222.75,55,Mota Maradi,PI597950
25ALM_BC1F3s1_0142,164.25,53,IRAT204,PI656073
25ALM_BC1F3s1_0144,290.25,56,CSM-63,PI561472
25ALM_BC1F3s1_0150,292.5,60,CSM-63,PI534127
25ALM_BC1F3s1_0152,285.75,53,IRAT204,PI595720
25ALM_BC1F3s1_0159,283.25,55,Mota Maradi,PI607931
25ALM_BC1F3s1_0169,101,56,IRAT204,PI656058
25ALM_BC1F3s1_0170,120.75,64,IRAT204,PI533866
25ALM_BC1F3s1_0171,258.25,59,Mota Maradi,PI656005
25ALM_BC1F3s1_0174,280,73,CSM-63,PI534127
25ALM_BC1F3s1_0175,121.75,70,IRAT204,PI656073
25ALM_BC1F3s1_0179,295.25,49,CSM-63,PI534127
25ALM_BC1F3s1_0183,329.5,59,CSM-63,PI576401
25ALM_BC1F3s1_0185,133.25,54,IRAT204,PI533961
25ALM_BC1F3s1_0190,202.5,53,Mota Maradi,PI533788
25ALM_BC1F3s1_0195,333.5,54,CSM-63,PI534108
25ALM_BC1F3s1_0199,146,54,IRAT204,PI653617
25ALM_BC1F3s1_0200,129,65,IRAT204,PI655993
25ALM_BC1F3s1_0202,185.25,66,Macia,PI24969
25ALM_BC1F3s1_0207,115.75,60,IRAT204,PI656096
25ALM_BC1F3s1_0210,130.75,49,IRAT204,PI533961
25ALM_BC1F3s1_0211,191,55,Mota Maradi,PI533788
25ALM_BC1F3s1_0212,118.5,56,IRAT204,PI655977
25ALM_BC1F3s1_0213,130,64,Macia,PI656029
25ALM_BC1F3s1_0216,173,60,IRAT204,PI595714
25ALM_BC1F3s1_0224,154,56,IRAT204,PI533961
25ALM_BC1F3s1_0234,333.5,54,CSM-63,PI656012
25ALM_BC1F3s1_0235,309,56,IRAT204,PI656073
25ALM_BC1F3s1_0239,265.25,66,Mota Maradi,PI576387
25ALM_BC1F3s1_0242,190.5,49,IRAT204,PI533912
25ALM_BC1F3s1_0244,281.5,59,Mota Maradi,PI607931
25ALM_BC1F3s1_0245,116.25,70,IRAT204,PI655975
25ALM_BC1F3s1_0246,183.75,53,IRAT204,PI656025
25ALM_BC1F3s1_0247,216.5,53,IRAT204,PI533985
25ALM_BC1F3s1_0248,135.25,48,CSM-63,PI534127
25ALM_BC1F3s1_0249,279.5,53,Mota Maradi,PI576387
25ALM_BC1F3s1_0250,217.75,54,Macia,PI533921
25ALM_BC1F3s1_0252,247.75,56,Mota Maradi,PI576387
25ALM_BC1F3s1_0254,189.5,64,Mota Maradi,PI597945
25ALM_BC1F3s1_0259,279.75,54,Mota Maradi,PI576387
25ALM_BC1F3s1_0265,166.5,53,Mota Maradi,PI597945
25ALM_BC1F3s1_0268,305,53,Mota Maradi,PI576387
25ALM_BC1F3s1_0270,198,54,IRAT204,PI656101
25ALM_BC1F3s1_0271,121.5,53,Macia,PI24969
25ALM_BC1F3s1_0275,113.75,50,IRAT204,PI655976
25ALM_BC1F3s1_0276,213.75,48,Mota Maradi,PI576387
25ALM_BC1F3s1_0278,248.25,59,Mota Maradi,PI576387
25ALM_BC1F3s1_0279,340.5,60,CSM-63,PI534127
25ALM_BC1F3s1_0280,315.25,55,IRAT204,PI656080
25ALM_BC1F3s1_0282,249.75,70,Mota Maradi,PI576387
25ALM_BC1F3s1_0284,284.75,56,CSM-63,PI655995
25ALM_BC1F3s1_0289,127,54,IRAT204,PI576435
25ALM_BC1F3s1_0290,154.75,53,IRAT204,PI656068
25ALM_BC1F3s1_0291,301.75,53,IRAT204,PI656102
25ALM_BC1F3s1_0292,198.75,53,IRAT204,PI656068
25ALM_BC1F3s1_0294,133.5,62,IRAT204,PI533996
25ALM_BC1F3s1_0295,211.75,66,IRAT204,PI656085
25ALM_BC1F3s1_0303,290.25,78,CSM-63,PI595739
25ALM_BC1F3s1_0305,394.25,73,CSM-63,PI656036
25ALM_BC1F3s1_0307,254.5,55,IRAT204,PI534037
25ALM_BC1F3s1_0310,120.5,50,IRAT204,PI533949
25ALM_BC1F3s1_0313,200.5,54,IRAT204,PI533987
25ALM_BC1F3s1_0317,324.5,56,Mota Maradi,PI533949
25ALM_BC1F3s1_0318,308.5,63,Mota Maradi,PI576387
25ALM_BC1F3s1_0320,115,53,IRAT204,PI656026
25ALM_BC1F3s1_0321,335.5,59,CSM-63,PI595739
25ALM_BC1F3s1_0324,304,54,Mota Maradi,PI597945
25ALM_BC1F3s1_0326,218.75,79,IRAT204,PI656071
25ALM_BC1F3s1_0328,187.5,50,IRAT204,PI656025
25ALM_BC1F3s1_0332,109.5,56,IRAT204,PI576435
25ALM_BC1F3s1_0336,135.75,54,IRAT204,PI533979
25ALM_BC1F3s1_0338,214.25,56,IRAT204,PI656094
25ALM_BC1F3s1_0342,161.75,56,IRAT204,PI655992
25ALM_BC1F3s1_0346,311.5,55,CSM-63,PI655995
25ALM_BC1F3s1_0348,248.5,53,Mota Maradi,PI597950
25ALM_BC1F3s1_0350,337,66,CSM-63,PI601816
25ALM_BC1F3s1_0355,124,66,Macia,PI24969
25ALM_BC1F3s1_0356,193.25,60,IRAT204,PI576333
25ALM_BC1F3s1_0357,132,56,IRAT204,PI576339
25ALM_BC1F3s1_0360,252.75,56,Mota Maradi,PI576387
25ALM_BC1F3s1_0362,209.75,53,IRAT204,PI656094
25ALM_BC1F3s1_0366,304.5,56,Mota Maradi,PI656098
25ALM_BC1F3s1_0367,354,66,CSM-63,PI534108
25ALM_BC1F3s1_0368,113.25,49,IRAT204,PI656026
25ALM_BC1F3s1_0369,252.25,53,Mota Maradi,PI597967
25ALM_BC1F3s1_0371,287.5,55,Mota Maradi,PI576387
25ALM_BC1F3s1_0373,259.75,61,Mota Maradi,PI595745
25ALM_BC1F3s1_0376,212,50,CSM-63,PI533924
25ALM_BC1F3s1_0381,287.5,48,IRAT204,PI656073
25ALM_BC1F3s1_0387,288.5,55,CSM-63,PI656012
25ALM_BC1F3s1_0393,194.75,64,CSM-63,PI595739
25ALM_BC1F3s1_0394,131.5,49,IRAT204,PI656073
25ALM_BC1F3s1_0395,136,54,IRAT204,PI656107
25ALM_BC1F3s1_0396,265.25,55,Mota Maradi,PI597950
25ALM_BC1F3s1_0401,141.25,55,IRAT204,PI655976
25ALM_BC1F3s1_0402,146.75,54,IRAT204,PI656101
25ALM_BC1F3s1_0403,287.75,53,CSM-63,PI656082
25ALM_BC1F3s1_0407,132.25,50,IRAT204,PI641836
25ALM_BC1F3s1_0409,126.25,67,CSM-63,PI561472
25ALM_BC1F3s1_0410,357.5,64,CSM-63,PI595739
25ALM_BC1F3s1_0414,270.25,62,Mota Maradi,PI576387
25ALM_BC1F3s1_0416,255.75,50,Mota Maradi,PI656098
25ALM_BC1F3s1_0417,260.25,55,IRAT204,PI533912
25ALM_BC1F3s1_0420,273,56,Mota Maradi,PI597945
25ALM_BC1F3s1_0425,127,49,IRAT204,PI576337
25ALM_BC1F3s1_0427,116,56,IRAT204,PI576339
25ALM_BC1F3s1_0430,117.5,64,IRAT204,PI655976
25ALM_BC1F3s1_0431,339,59,CSM-63,PI534127
25ALM_BC1F3s1_0432,276.75,67,Mota Maradi,PI561071
25ALM_BC1F3s1_0434,118,53,IRAT204,PI641836
25ALM_BC1F3s1_0439,234.25,61,IRAT204,PI656093
25ALM_BC1F3s1_0440,210,54,IRAT204,PI533987
25ALM_BC1F3s1_0442,251.75,53,Mota Maradi,PI576387
25ALM_BC1F3s1_0446,317.25,66,CSM-63,PI595739
25ALM_BC1F3s1_0450,111,54,IRAT204,PI533957
25ALM_BC1F3s1_0451,208.75,55,IRAT204,PI597980
25ALM_BC1F3s1_0461,247.75,56,Mota Maradi,PI576387
25ALM_BC1F3s1_0462,139.25,53,Mota Maradi,PI533788
25ALM_BC1F3s1_0463,302,56,Mota Maradi,PI576387
25ALM_BC1F3s1_0465,209.25,55,IRAT204,PI533996
25ALM_BC1F3s1_0466,311.75,55,Mota Maradi,PI597945
25ALM_BC1F3s1_0467,148.75,54,IRAT204,PI533788
25ALM_BC1F3s1_0471,275,53,IRAT204,PI533912
25ALM_BC1F3s1_0473,133.25,64,IRAT204,PI656104
25ALM_BC1F3s1_0479,124.75,48,IRAT204,PI533961
25ALM_BC1F3s1_0480,254.5,50,IRAT204,PI656080
25ALM_BC1F3s1_0484,102.75,65,Macia,PI24969
25ALM_BC1F3s1_0486,102.75,54,IRAT204,PI533987
25ALM_BC1F3s1_0488,156.25,53,IRAT204,PI533961
25ALM_BC1F3s1_0492,153.75,55,IRAT204,PI656068
25ALM_BC1F3s1_0497,331,56,CSM-63,PI534127
25ALM_BC1F3s1_0499,382,79,CSM-63,PI595739
25ALM_BC1F3s1_0500,139.25,54,IRAT204,PI656096
25ALM_BC1F3s1_0501,168.25,49,IRAT204,PI656107
25ALM_BC1F3s1_0504,278.25,53,Mota Maradi,PI576387
25ALM_BC1F3s1_0508,223.75,53,IRAT204,PI576339
25ALM_BC1F3s1_0510,157.75,50,IRAT204,PI533961
25ALM_BC1F3s1_0512,312.5,53,Mota Maradi,PI533788
25ALM_BC1F3s1_0513,211.5,56,Mota Maradi,PI576387
25ALM_BC1F3s1_0514,361.75,67,CSM-63,PI534127
25ALM_BC1F3s1_0517,95.75,56,Macia,PI24969
25ALM_BC1F3s1_0519,300,56,Mota Maradi,PI607931
25ALM_BC1F3s1_0520,265.25,53,Mota Maradi,PI533788
25ALM_BC1F3s1_0521,147.75,52,IRAT204,PI656026
25ALM_BC1F3s1_0522,211,53,IRAT204,PI641836
25ALM_BC1F3s1_0523,131.25,53,IRAT204,PI576435
25ALM_BC1F3s1_0524,148.25,53,IRAT204,PI655977
25ALM_BC1F3s1_0525,271,53,Mota Maradi,PI656005
25ALM_BC1F3s1_0527,198.75,53,IRAT204,PI595714
25ALM_BC1F3s1_0529,308,55,CSM-63,PI595739
25ALM_BC1F3s1_0532,295.75,59,Mota Maradi,PI607931
25ALM_BC1F3s1_0534,216,50,IRAT204,PI656081
25ALM_BC1F3s1_0538,369,67,CSM-63,PI595739
25ALM_BC1F3s1_0539,183,56,IRAT204,PI533961
25ALM_BC1F3s1_0541,286.75,53,Mota Maradi,PI533949
25ALM_BC1F3s1_0544,122,58,IRAT204,PI533830
25ALM_BC1F3s1_0547,127.75,53,IRAT204,PI656026
25ALM_BC1F3s1_0549,252.5,53,Mota Maradi,PI597950
25ALM_BC1F3s1_0554,245.75,55,CSM-63,PI656036
25ALM_BC1F3s1_0556,297.5,53,Mota Maradi,PI597945
25ALM_BC1F3s1_0557,286,59,Mota Maradi,PI576387
25ALM_BC1F3s1_0568,184,64,Macia,PI656031
25ALM_BC1F3s1_0573,262.5,53,IRAT204,PI656081
25ALM_BC1F3s1_0576,144.25,53,IRAT204,PI576339
25ALM_BC1F3s1_0578,285.75,56,CSM-63,PI595739
25ALM_BC1F3s1_0582,214.25,55,Mota Maradi,PI607931
25ALM_BC1F3s1_0584,226.25,54,Mota Maradi,PI576387
25ALM_BC1F3s1_0588,291.5,70,Mota Maradi,PI656005
25ALM_BC1F3s1_0589,278.25,54,CSM-63,PI656012
25ALM_BC1F3s1_0590,218.5,50,IRAT204,PI533949
25ALM_BC1F3s1_0592,237.75,53,Mota Maradi,PI576387
25ALM_BC1F3s1_0595,171.5,55,IRAT204,PI656071
25ALM_BC1F3s1_0598,233.5,48,Mota Maradi,PI533788
25ALM_BC1F3s1_0601,122,53,IRAT204,PI641836
25ALM_BC1F3s1_0605,162.25,54,IRAT204,PI576332
25ALM_BC1F3s1_0610,221.25,56,IRAT204,PI656085
25ALM_BC1F3s1_0611,154.25,60,IRAT204,PI655977
25ALM_BC1F3s1_0613,243,55,Mota Maradi,PI656005
25ALM_BC1F3s1_0615,140.5,53,IRAT204,PI576435
25ALM_BC1F3s1_0616,222.75,62,Mota Maradi,PI533788
25ALM_BC1F3s1_0620,210,59,IRAT204,PI655975
25ALM_BC1F3s1_0624,267.75,56,Mota Maradi,PI597950
25ALM_BC1F3s1_0629,363.25,63,CSM-63,PI595739
25ALM_BC1F3s1_0633,274,54,IRAT204,PI656081
25ALM_BC1F3s1_0634,117.75,53,IRAT204,PI533830
25ALM_BC1F3s1_0635,306.25,53,CSM-63,PI655995
25ALM_BC1F3s1_0636,122.75,66,Macia,PI656029
25ALM_BC1F3s1_0638,250,53,Mota Maradi,PI561071
25ALM_BC1F3s1_0640,140.5,55,IRAT204,PI656058
25ALM_BC1F3s1_0644,291.75,53,IRAT204,PI656081
25ALM_BC1F3s1_0650,300.5,60,IRAT204,PI533985
25ALM_BC1F3s1_0653,311,65,Mota Maradi,PI576387
25ALM_BC1F3s1_0656,219.75,55,Mota Maradi,PI597950
25ALM_BC1F3s1_0657,188.25,56,IRAT204,PI576333
25ALM_BC1F3s1_0658,150.75,48,IRAT204,PI656098
25ALM_BC1F3s1_0659,299.5,55,Mota Maradi,PI576387
25ALM_BC1F3s1_0661,358,59,CSM-63,PI656082
25ALM_BC1F3s1_0667,132,54,Macia,PI24969
25ALM_BC1F3s1_0668,218.75,73,IRAT204,PI656098
25ALM_BC1F3s1_0669,282.25,56,Mota Maradi,PI576387
25ALM_BC1F3s1_0671,276.75,56,Mota Maradi,PI607931
25ALM_BC1F3s1_0672,122.25,54,IRAT204,PI533830
25ALM_BC1F3s1_0676,270,67,CSM-63,PI534127
25ALM_BC1F3s1_0678,232.25,63,IRAT204,PI576387
25ALM_BC1F3s1_0680,120.75,49,IRAT204,PI656025
25ALM_BC1F3s1_0681,293.25,66,Mota Maradi,PI597945
25ALM_BC1F3s1_0683,239,55,Mota Maradi,PI607931
25ALM_BC1F3s1_0684,170.75,66,IRAT204,PI655975
25ALM_BC1F3s1_0687,275,53,Mota Maradi,PI595745
25ALM_BC1F3s1_0688,164,60,Mota Maradi,PI595745
25ALM_BC1F3s1_0689,127,53,IRAT204,PI656073
25ALM_BC1F3s1_0695,144.25,56,IRAT204,PI576435
25ALM_BC1F3s1_0698,217,54,Mota Maradi,PI576387
25ALM_BC1F3s1_0701,193.5,59,IRAT204,PI656085
25ALM_BC1F3s1_0703,283.75,56,Mota Maradi,PI533937
25ALM_BC1F3s1_0705,172.5,48,IRAT204,PI533866
25ALM_BC1F3s1_0706,351,66,CSM-63,PI595739
25ALM_BC1F3s1_0708,164.5,53,IRAT204,PI597980
25ALM_BC1F3s1_0710,172.75,70,Macia,PI656031
25ALM_BC1F3s1_0713,318.75,54,Mota Maradi,PI597967
25ALM_BC1F3s1_0714,140.25,55,IRAT204,PI595702
25ALM_BC1F3s1_0721,110,55,IRAT204,PI656058
25ALM_BC1F3s1_0723,262.25,59,IRAT204,PI656096
25ALM_BC1F3s1_0725,145,54,IRAT204,PI595702
25ALM_BC1F3s1_0729,137.25,54,IRAT204,PI533979
25ALM_BC1F3s1_0730,292,55,Mota Maradi,PI533788
25ALM_BC1F3s1_0736,222,63,IRAT204,PI656080
25ALM_BC1F3s1_0737,248.25,55,Mota Maradi,PI607931
25ALM_BC1F3s1_0739,148.75,53,IRAT204,PI576359
25ALM_BC1F3s1_0741,270.75,56,Mota Maradi,PI576387
25ALM_BC1F3s1_0742,84.5,53,IRAT204,PI533996
25ALM_BC1F3s1_0745,194,56,IRAT204,PI656102
25ALM_BC1F3s1_0747,164.5,65,CSM-63,PI534108
25ALM_BC1F3s1_0748,133.75,64,Macia,PI656031
25ALM_BC1F3s1_0751,258.5,53,Mota Maradi,PI533788
25ALM_BC1F3s1_0754,254.75,56,Mota Maradi,PI597967
25ALM_BC1F3s1_0759,353.25,60,CSM-63,PI534108
25ALM_BC1F3s1_0760,198,56,Mota Maradi,PI533937
25ALM_BC1F3s1_0761,123.75,53,IRAT204,PI576339
25ALM_BC1F3s1_0763,333.5,66,CSM-63,PI656036
25ALM_BC1F3s1_0772,247.75,55,CSM-63,PI595739
25ALM_BC1F3s1_0774,151.75,53,IRAT204,PI533866
25ALM_BC1F3s1_0779,123.25,56,IRAT204,PI656096
25ALM_BC1F3s1_0780,222.5,56,Macia,PI533936
25ALM_BC1F3s1_0783,269,54,Mota Maradi,PI597950
25ALM_BC1F3s1_0784,316,66,Macia,PI24969
25ALM_BC1F3s1_0785,131,56,IRAT204,PI656026
25ALM_BC1F3s1_0789,148,48,IRAT204,PI656093
25ALM_BC1F3s1_0790,380,66,CSM-63,PI656041
25ALM_BC1F3s1_0799,204.75,56,IRAT204,PI656098
25ALM_BC1F3s1_0800,143.5,65,Macia,PI656031
25ALM_BC1F3s1_0801,266.75,56,Mota Maradi,PI656098
25ALM_BC1F3s1_0802,118,64,IRAT204,PI655975
25ALM_BC1F3s1_0803,189.5,54,Macia,PI656029
25ALM_BC1F3s1_0806,271.25,53,Mota Maradi,PI533949
25ALM_BC1F3s1_0808,155.5,66,Macia,PI656031
25ALM_BC1F3s1_0811,334.75,66,CSM-63,PI595739
25ALM_BC1F3s1_0815,149.5,48,IRAT204,PI533961
25ALM_BC1F3s1_0820,180.5,53,IRAT204,PI641836
25ALM_BC1F3s1_0821,238.5,54,Mota Maradi,PI561071
25ALM_BC1F3s1_0822,284.75,53,Mota Maradi,PI595745
25ALM_BC1F3s1_0825,102,53,Mota Maradi,PI533788
25ALM_BC1F3s1_0830,295.75,55,Mota Maradi,PI533937
25ALM_BC1F3s1_0831,119.75,54,IRAT204,PI655993
25ALM_BC1F3s1_0835,316.5,66,IRAT204,PI576387
25ALM_BC1F3s1_0839,276.75,56,IRAT204,PI656071
25ALM_BC1F3s1_0845,256.75,56,IRAT204,PI656085
25ALM_BC1F3s1_0849,327.5,60,CSM-63,PI534127
25ALM_BC1F3s1_0850,316.5,56,Mota Maradi,PI607931
25ALM_BC1F3s1_0853,182.25,56,IRAT204,PI653617
25ALM_BC1F3s1_0854,237.5,60,IRAT204,PI656025
25ALM_BC1F3s1_0857,112,53,IRAT204,PI595714
25ALM_BC1F3s1_0858,220.75,59,IRAT204,PI656071
25ALM_BC1F3s1_0861,271.5,53,Mota Maradi,PI607931
25ALM_BC1F3s1_0863,319.5,66,CSM-63,PI595739
25ALM_BC1F3s1_0869,276,53,Mota Maradi,PI576387
25ALM_BC1F3s1_0870,142.5,66,IRAT204,PI656058
25ALM_BC1F3s1_0874,136.25,54,IRAT204,PI656026
25ALM_BC1F3s1_0879,339.75,66,CSM-63,PI534127
25ALM_BC1F3s1_0880,155.25,49,IRAT204,PI576339
25ALM_BC1F3s1_0881,253.5,66,Mota Maradi,PI576387
25ALM_BC1F3s1_0883,134.25,54,IRAT204,PI576435
25ALM_BC1F3s1_0886,157.5,63,IRAT204,PI576359
25ALM_BC1F3s1_0891,231.75,53,Mota Maradi,PI595745
25ALM_BC1F3s1_0894,230.5,54,IRAT204,PI533788
25ALM_BC1F3s1_0895,153.75,54,IRAT204,PI576333
25ALM_BC1F3s1_0897,337.75,57,CSM-63,PI534108
25ALM_BC1F3s1_0898,261.5,53,Mota Maradi,PI597950
25ALM_BC1F3s1_0899,142.25,53,IRAT204,PI533961
25ALM_BC1F3s1_0901,123.5,53,IRAT204,PI656058
25ALM_BC1F3s1_0902,286,63,Mota Maradi,PI576387
25ALM_BC1F3s1_0903,272.5,49,Mota Maradi,PI533949
25ALM_BC1F3s1_0906,110.5,53,Mota Maradi,PI655976
25ALM_BC1F3s1_0907,250.5,53,Mota Maradi,PI533788
25ALM_BC1F3s1_0910,244.5,50,IRAT204,PI656073
25ALM_BC1F3s1_0911,139.75,59,IRAT204,PI533788
25ALM_BC1F3s1_0912,297.75,59,Mota Maradi,PI597967
25ALM_BC1F3s1_0913,256.25,53,IRAT204,PI595720
25ALM_BC1F3s1_0914,144,53,IRAT204,PI656026
25ALM_BC1F3s1_0918,248.75,53,Mota Maradi,PI576387
25ALM_BC1F3s1_0923,163,66,IRAT204,PI576435
25ALM_BC1F3s1_0924,121.5,56,IRAT204,PI656026
25ALM_BC1F3s1_0925,142.75,56,IRAT204,PI597980
25ALM_BC1F3s1_0927,283.5,63,IRAT204,PI656071
25ALM_BC1F3s1_0928,305.25,53,IRAT204,PI656073
25ALM_BC1F3s1_0929,237.75,48,IRAT204,PI656019
25ALM_BC1F3s1_0932,148.75,56,IRAT204,PI595714
25ALM_BC1F3s1_0934,297.25,56,Mota Maradi,PI576387
25ALM_BC1F3s1_0936,270.25,56,Mota Maradi,PI656005
25ALM_BC1F3s1_0939,303.75,59,Mota Maradi,PI533949
25ALM_BC1F3s1_0946,228.5,60,Mota Maradi,PI607931
25ALM_BC1F3s1_0948,293.75,67,Mota Maradi,PI576387
25ALM_BC1F3s1_0949,122.75,53,IRAT204,PI576333
25ALM_BC1F3s1_0951,131.25,53,IRAT204,PI576333
25ALM_BC1F3s1_0953,145.25,50,IRAT204,PI576337
25ALM_BC1F3s1_0955,143,54,IRAT204,PI576435
25ALM_BC1F3s1_0958,294,53,CSM-63,PI656041
25ALM_BC1F3s1_0960,124.5,53,Mota Maradi,PI597945
25ALM_BC1F3s1_0962,366.5,73,CSM-63,PI595739
25ALM_BC1F3s1_0964,310.25,56,Mota Maradi,PI533937
25ALM_BC1F3s1_0969,234.75,59,IRAT204,PI576339
25ALM_BC1F3s1_0973,146,65,Macia,PI656029
25ALM_BC1F3s1_0974,254,57,CSM-63,PI595739
25ALM_BC1F3s1_0977,113,55,IRAT204,PI656058
25ALM_BC1F3s1_0978,266.75,56,Mota Maradi,PI576387
25ALM_BC1F3s1_0979,161,54,IRAT204,PI533949
25ALM_BC1F3s1_0982,125.5,65,IRAT204,PI576435
25ALM_BC1F3s1_0986,172,48,IRAT204,PI655977
25ALM_BC1F3s1_0987,296,53,Mota Maradi,PI576387
25ALM_BC1F3s1_0988,266,56,CSM-63,PI655995
25ALM_BC1F3s1_0989,223.5,59,IRAT204,PI533949
25ALM_BC1F3s1_0990,400.75,73,CSM-63,PI534127
25ALM_BC1F3s1_0992,294,56,Mota Maradi,PI607931
25ALM_BC1F3s1_0993,377.5,56,CSM-63,PI561472
25ALM_BC1F3s1_0995,288.75,59,IRAT204,PI653617
25ALM_BC1F3s1_0996,307,66,Mota Maradi,PI576387
25ALM_BC1F3s1_0999,259,73,Mota Maradi,PI607931
25ALM_BC1F3s1_1001,264.5,66,CSM-63,PI595739
25ALM_BC1F3s1_1006,356,60,CSM-63,PI595739
25ALM_BC1F3s1_1012,140,53,IRAT204,PI656096
25ALM_BC1F3s1_1014,250,53,Mota Maradi,PI576387
25ALM_BC1F3s1_1015,326.25,56,Mota Maradi,PI595745
25ALM_BC1F3s1_1016,220.5,56,IRAT204,PI656019
25ALM_BC1F3s1_1017,251,53,Mota Maradi,PI597950
25ALM_BC1F3s1_1018,314.5,70,Mota Maradi,PI656005
25ALM_BC1F3s1_1020,136.25,53,IRAT204,PI533961
25ALM_BC1F3s1_1021,246,55,Mota Maradi,PI607931
25ALM_BC1F3s1_1024,364.25,70,CSM-63,PI576401
25ALM_BC1F3s1_1025,216.25,53,IRAT204,PI533912
25ALM_BC1F3s1_1027,225,48,Mota Maradi,PI576387
25ALM_BC1F3s1_1028,141,60,IRAT204,PI533979
25ALM_BC1F3s1_1031,259.5,56,IRAT204,PI533961
25ALM_BC1F3s1_1033,175,65,IRAT204,PI653617
25ALM_BC1F3s1_1034,384.25,55,CSM-63,PI656041
25ALM_BC1F3s1_1039,85.75,54,Macia,PI533936
25ALM_BC1F3s1_1041,254.5,59,Mota Maradi,PI576387
25ALM_BC1F3s1_1047,279.5,53,Mota Maradi,PI656005
25ALM_BC1F3s1_1048,134.75,53,IRAT204,PI533961
25ALM_BC1F3s1_1054,215,55,Mota Maradi,PI607931
25ALM_BC1F3s1_1055,241.5,64,Mota Maradi,PI656005
25ALM_BC1F3s1_1056,226.75,48,IRAT204,PI534037
25ALM_BC1F3s1_1058,227.75,53,Mota Maradi,PI576387
25ALM_BC1F3s1_1061,136,53,IRAT204,PI576435
25ALM_BC1F3s1_1062,245.25,66,Mota Maradi,PI607931
25ALM_BC1F3s1_1068,385.75,64,CSM-63,PI595739
25ALM_BC1F3s1_1071,162,53,IRAT204,PI656019
25ALM_BC1F3s1_1073,244.5,59,Mota Maradi,PI597967
25ALM_BC1F3s1_1075,279,54,Mota Maradi,PI656005
25ALM_BC1F3s1_1076,317.75,50,CSM-63,PI534127
25ALM_BC1F3s1_1079,307.5,66,CSM-63,PI561472
25ALM_BC1F3s1_1080,238.5,53,Mota Maradi,PI576387
25ALM_BC1F3s1_1084,164,66,Macia,PI24969
25ALM_BC1F3s1_1088,139.75,59,IRAT204,PI576435
25ALM_BC1F3s1_1089,286.5,56,Macia,PI24969
25ALM_BC1F3s1_1090,129.75,54,IRAT204,PI533961
25ALM_BC1F3s1_1091,122.75,53,IRAT204,PI656068
25ALM_BC1F3s1_1096,322.75,60,Mota Maradi,PI607931
25ALM_BC1F3s1_1098,191.25,53,Mota Maradi,PI533788
25ALM_BC1F3s1_1100,322.5,63,Mota Maradi,PI607931
25ALM_BC1F3s1_1101,111.75,48,IRAT204,PI656073
25ALM_BC1F3s1_1104,289.75,55,Mota Maradi,PI656005
25ALM_BC1F3s1_1105,219,56,Mota Maradi,PI576387
25ALM_BC1F3s1_1106,136.5,70,IRAT204,PI533985
25ALM_BC1F3s1_1110,268.75,53,Mota Maradi,PI607931
25ALM_BC1F3s1_1111,150.75,55,IRAT204,PI533961
25ALM_BC1F3s1_1112,125.25,65,Macia,PI24969
25ALM_BC1F3s1_1119,253.75,56,Mota Maradi,PI597967
25ALM_BC1F3s1_1120,274.25,53,Mota Maradi,PI576387
25ALM_BC1F3s1_1126,247.25,73,IRAT204,PI656104
25ALM_BC1F3s1_1127,260.25,53,Mota Maradi,PI561071
25ALM_BC1F3s1_1131,297.25,53,CSM-63,PI534127
25ALM_BC1F3s1_1132,262.25,55,Mota Maradi,PI656005
25ALM_BC1F3s1_1134,303.75,56,Mota Maradi,PI607931
25ALM_BC1F3s1_1136,247.5,53,IRAT204,PI533912
25ALM_BC1F3s1_1137,239.25,56,IRAT204,PI656068
25ALM_BC1F3s1_1139,140.25,65,IRAT204,PI656026
25ALM_BC1F3s1_1143,252,60,Mota Maradi,PI607931
25ALM_BC1F3s1_1144,306.75,53,Mota Maradi,PI656098
25ALM_BC1F3s1_1146,276,64,Mota Maradi,PI533937
25ALM_BC1F3s1_1149,111.5,56,IRAT204,PI595714
25ALM_BC1F3s1_1151,349,55,CSM-63,PI534127
25ALM_BC1F3s1_1152,191.5,54,IRAT204,PI533965
25ALM_BC1F3s1_1153,112.25,49,IRAT204,PI656025
25ALM_BC1F3s1_1154,274.75,53,Mota Maradi,PI576387
25ALM_BC1F3s1_1160,173.75,66,Macia,PI533936
25ALM_BC1F3s1_1162,164,54,IRAT204,PI533961
25ALM_BC1F3s1_1166,288.25,55,Mota Maradi,PI576387
25ALM_BC1F3s1_1167,279.25,53,Mota Maradi,PI607931
25ALM_BC1F3s1_1169,206.75,61,Mota Maradi,PI576387
25ALM_BC1F3s1_1173,313.5,63,Mota Maradi,PI607931
25ALM_BC1F3s1_1174,336.5,55,CSM-63,PI534108
25ALM_BC1F3s1_1179,265.25,53,Macia,PI24969
25ALM_BC1F3s1_1181,144.5,70,IRAT204,PI656058
25ALM_BC1F3s1_1185,247.75,55,Mota Maradi,PI597945
25ALM_BC1F3s1_1186,252.5,53,Mota Maradi,PI533788
25ALM_BC1F3s1_1188,226,66,IRAT204,PI653617
25ALM_BC1F3s1_1189,130.25,54,IRAT204,PI576435
25ALM_BC1F3s1_1190,331.75,62,CSM-63,PI534127
25ALM_BC1F3s1_1194,118.25,55,Macia,PI533936
25ALM_BC1F3s1_1195,320.75,56,Mota Maradi,PI656005
25ALM_BC1F3s1_1196,291,56,Mota Maradi,PI533788
25ALM_BC1F3s1_1198,285.25,55,Mota Maradi,PI561071
25ALM_BC1F3s1_1200,98,66,IRAT204,PI533830
25ALM_BC1F3s1_1201,326,59,Mota Maradi,PI576387
25ALM_BC1F3s1_1203,252.5,56,Mota Maradi,PI607931
25ALM_BC1F3s1_1209,156,53,IRAT204,PI655976
25ALM_BC1F3s1_1213,304.75,60,IRAT204,PI656080
25ALM_BC1F3s1_1215,115.5,55,Macia,PI24969
25ALM_BC1F3s1_1216,156.5,66,Macia,PI533921
25ALM_BC1F3s1_1221,275.75,54,Macia,PI24969
25ALM_BC1F3s1_1222,249.25,53,Mota Maradi,PI533937
25ALM_BC1F3s1_1230,157.25,56,IRAT204,PI656058
25ALM_BC1F3s1_1234,148.75,55,IRAT204,PI576435
25ALM_BC1F3s1_1235,136.75,53,IRAT204,PI655977
25ALM_BC1F3s1_1240,278.75,70,Mota Maradi,PI656005
25ALM_BC1F3s1_1242,296.5,66,IRAT204,PI597980
25ALM_BC1F3s1_1248,365.75,70,CSM-63,PI595739
25ALM_BC1F3s1_1249,113.25,53,IRAT204,PI656025
25ALM_BC1F3s1_1251,206.75,53,IRAT204,PI576435
25ALM_BC1F3s1_1252,287.75,53,CSM-63,PI534108
25ALM_BC1F3s1_1253,191.5,53,IRAT204,PI597980
25ALM_BC1F3s1_1254,140.25,54,IRAT204,PI656093
25ALM_BC1F3s1_1255,284.5,53,Mota Maradi,PI595745
25ALM_BC1F3s1_1256,202.5,50,IRAT204,PI653617
25ALM_BC1F3s1_1257,188.5,53,IRAT204,PI656093
25ALM_BC1F3s1_1259,339,56,CSM-63,PI534108
25ALM_BC1F3s1_1262,345.5,60,CSM-63,PI534127
25ALM_BC1F3s1_1264,129.5,50,Mota Maradi,PI597945
25ALM_BC1F3s1_1265,265.75,56,Mota Maradi,PI607931
25ALM_BC1F3s1_1267,235.5,53,Mota Maradi,PI533949
25ALM_BC1F3s1_1270,150,50,IRAT204,PI533987
25ALM_BC1F3s1_1273,143.25,53,IRAT204,PI533996
25ALM_BC1F3s1_1281,295.25,53,Mota Maradi,PI597967
25ALM_BC1F3s1_1282,346.25,60,CSM-63,PI656036
25ALM_BC1F3s1_1283,293.25,54,Mota Maradi,PI576387
25ALM_BC1F3s1_1284,248,70,IRAT204,PI656094
25ALM_BC1F3s1_1285,389.25,64,CSM-63,PI595739
25ALM_BC1F3s1_1286,220.5,50,IRAT204,PI533996
25ALM_BC1F3s1_1287,172.25,53,IRAT204,PI595720
25ALM_BC1F3s1_1293,208.5,54,IRAT204,PI576332
25ALM_BC1F3s1_1295,174.5,56,IRAT204,PI641836
25ALM_BC1F3s1_1297,98,50,Mota Maradi,PI656005
25ALM_BC1F3s1_1298,196.75,53,Macia,PI656031
25ALM_BC1F3s1_1299,200.75,48,IRAT204,PI576332
25ALM_BC1F3s1_1306,282.25,55,Mota Maradi,PI607931
25ALM_BC1F3s1_1308,210.25,56,Mota Maradi,PI576387
25ALM_BC1F3s1_1310,239,59,Mota Maradi,PI533788
25ALM_BC1F3s1_1311,151,50,IRAT204,PI533949
25ALM_BC1F3s1_1315,124,50,IRAT204,PI533965
25ALM_BC1F3s1_1317,144.5,53,IRAT204,PI533987
25ALM_BC1F3s1_1327,117.5,54,IRAT204,PI656093
25ALM_BC1F3s1_1328,126.25,55,IRAT204,PI533961
25ALM_BC1F3s1_1330,122.25,50,IRAT204,PI656025
25ALM_BC1F3s1_1332,302.25,55,Mota Maradi,PI533937
25ALM_BC1F3s1_1337,259.5,63,Macia,PI533921
25ALM_BC1F3s1_1340,142.5,66,Macia,PI24969
25ALM_BC1F3s1_1341,301.25,55,Mota Maradi,PI533788
25ALM_BC1F3s1_1346,147.75,54,IRAT204,PI533985
25ALM_BC1F3s1_1348,89,50,IRAT204,PI656102
25ALM_BC1F3s1_1350,149.25,53,Macia,PI656029
25ALM_BC1F3s1_1351,247,53,Mota Maradi,PI576387
25ALM_BC1F3s1_1356,142.5,55,IRAT204,PI576359
25ALM_BC1F3s1_1357,291.25,49,CSM-63,PI655995
25ALM_BC1F3s1_1359,321.75,66,Mota Maradi,PI576387
25ALM_BC1F3s1_1364,317,54,IRAT204,PI656081
25ALM_BC1F3s1_1365,159.25,64,IRAT204,PI656101
25ALM_BC1F3s1_1366,283.75,53,Mota Maradi,PI597967
25ALM_BC1F3s1_1369,271.75,73,IRAT204,PI656080
25ALM_BC1F3s1_1370,249.25,53,Mota Maradi,PI576387
25ALM_BC1F3s1_1373,251,54,Mota Maradi,PI576387
25ALM_BC1F3s1_1376,236,56,IRAT204,PI576333
25ALM_BC1F3s1_1378,142.25,61,IRAT204,PI656026
25ALM_BC1F3s1_1379,265.75,54,IRAT204,PI533991
25ALM_BC1F3s1_1382,222,55,IRAT204,PI656071
25ALM_BC1F3s1_1385,139.25,54,IRAT204,PI655976
25ALM_BC1F3s1_1388,102.25,53,Mota Maradi,PI655976
25ALM_BC1F3s1_1389,260.25,64,IRAT204,PI656080
25ALM_BC1F3s1_1391,139.25,61,IRAT204,PI656098
25ALM_BC1F3s1_1392,265.5,49,CSM-63,PI656036
25ALM_BC1F3s1_1394,162.25,60,IRAT204,PI656081
25ALM_BC1F3s1_1395,132.5,53,IRAT204,PI576339
25ALM_BC1F3s1_1402,269.75,50,IRAT204,PI656098
25ALM_BC1F3s1_1405,121.75,54,IRAT204,PI656025
25ALM_BC1F3s1_1406,303.75,53,IRAT204,PI533866
25ALM_BC1F3s1_1407,354.5,65,CSM-63,PI534127
25ALM_BC1F3s1_1412,249.5,53,IRAT204,PI576387
25ALM_BC1F3s1_1418,246.75,60,IRAT204,PI655975
25ALM_BC1F3s1_1430,302,55,Mota Maradi,PI607931
25ALM_BC1F3s1_1431,240.75,56,Macia,PI24969
25ALM_BC1F3s1_1436,122.5,53,IRAT204,PI655993
25ALM_BC1F3s1_1438,124.75,54,IRAT204,PI655993
25ALM_BC1F3s1_1443,371.25,63,CSM-63,PI656012
25ALM_BC1F3s1_1446,122.25,64,IRAT204,PI576359
25ALM_BC1F3s1_1449,148.5,54,IRAT204,PI656026
25ALM_BC1F3s1_1451,357.25,59,CSM-63,PI595739
25ALM_BC1F3s1_1452,118.25,56,Macia,PI24969
25ALM_BC1F3s1_1454,134.25,54,Macia,PI656031
25ALM_BC1F3s1_1455,242.75,54,IRAT204,PI656093
25ALM_BC1F3s1_1457,260.5,55,Mota Maradi,PI576387
25ALM_BC1F3s1_1460,283.25,53,CSM-63,PI534108
25ALM_BC1F3s1_1461,128.5,50,IRAT204,PI656101
25ALM_BC1F3s1_1462,200,53,IRAT204,PI595714
25ALM_BC1F3s1_1463,144.5,48,IRAT204,PI656107
25ALM_BC1F3s1_1474,250.5,53,Mota Maradi,PI533788
25ALM_BC1F3s1_1478,280,54,Mota Maradi,PI576387
25ALM_BC1F3s1_1481,343.25,53,Mota Maradi,PI656005
25ALM_BC1F3s1_1489,152.75,64,IRAT204,PI656101
25ALM_BC1F3s1_1490,285,55,IRAT204,PI534037
25ALM_BC1F3s1_1493,283.25,49,Mota Maradi,PI595745
25ALM_BC1F3s1_1497,220.5,54,IRAT204,PI641836
25ALM_BC1F3s1_1498,119.5,53,IRAT204,PI533788
25ALM_BC1F3s1_1499,279.25,56,CSM-63,PI533924
25ALM_BC1F3s1_1500,173,55,Mota Maradi,PI595745
25ALM_BC1F3s1_1503,144,53,IRAT204,PI576435
25ALM_BC1F3s1_1504,150.25,59,IRAT204,PI656026
25ALM_BC1F3s1_1505,380.25,65,CSM-63,PI576401
25ALM_BC1F3s1_1506,131.25,60,IRAT204,PI656026
25ALM_BC1F3s1_1507,229.25,53,Mota Maradi,PI576387
25ALM_BC1F3s1_1508,254.25,55,CSM-63,PI655995
25ALM_BC1F3s1_1511,276,53,Mota Maradi,PI576387
25ALM_BC1F3s1_1517,298.75,65,CSM-63,PI595739
25ALM_BC1F3s1_1520,132,49,IRAT204,PI656026
25ALM_BC1F3s1_1523,269.25,66,Mota Maradi,PI607931
25ALM_BC1F3s1_1528,139.5,53,IRAT204,PI576435
25ALM_BC1F3s1_1529,274.75,54,Mota Maradi,PI597950
25ALM_BC1F3s1_1530,128.75,49,IRAT204,PI655992
25ALM_BC1F3s1_1531,294.25,59,Mota Maradi,PI656005
25ALM_BC1F3s1_1535,130.5,55,Macia,PI24969
25ALM_BC1F3s1_1538,161,53,IRAT204,PI533866
25ALM_BC1F3s1_1539,135.75,48,IRAT204,PI533957
25ALM_BC1F3s1_1542,108.25,59,IRAT204,PI533957
25ALM_BC1F3s1_1545,135.25,66,IRAT204,PI656026
25ALM_BC1F3s1_1548,234.25,53,Mota Maradi,PI533986
25ALM_BC1F3s1_1552,234.25,48,IRAT204,PI656081
25ALM_BC1F3s1_1554,156.25,62,Macia,PI656031
25ALM_BC1F3s1_1557,285,53,Mota Maradi,PI576387
25ALM_BC1F3s1_1558,255,55,Mota Maradi,PI576387
25ALM_BC1F3s1_1559,255.5,64,Macia,PI24969
25ALM_BC1F3s1_1560,289.5,59,CSM-63,PI656012
25ALM_BC1F3s1_1561,258.5,54,IRAT204,PI656094
25ALM_BC1F3s1_1563,239.75,55,Mota Maradi,PI656005
25ALM_BC1F3s1_1565,391.5,66,Mota Maradi,PI576387
25ALM_BC1F3s1_1566,158.25,54,IRAT204,PI656073
25ALM_BC1F3s1_1567,286.25,70,CSM-63,PI655995
25ALM_BC1F3s1_1573,129,56,IRAT204,PI655993
25ALM_BC1F3s1_1574,143.75,56,IRAT204,PI656104
25ALM_BC1F3s1_1580,281.5,56,Mota Maradi,PI656098
25ALM_BC1F3s1_1586,307.5,56,Mota Maradi,PI597945
25ALM_BC1F3s1_1587,350.5,63,Mota Maradi,PI656005
25ALM_BC1F3s1_1590,187.75,54,Macia,PI533936
25ALM_BC1F3s1_1591,151,53,IRAT204,PI656101
25ALM_BC1F3s1_1593,276.75,73,Mota Maradi,PI576387
25ALM_BC1F3s1_1594,249,53,IRAT204,PI641836
25ALM_BC1F3s1_1597,146.5,53,IRAT204,PI656093
25ALM_BC1F3s1_1600,358.5,56,CSM-63,PI534127
25ALM_BC1F3s1_1612,340.25,60,CSM-63,PI656082
25ALM_BC1F3s1_1613,177,53,CSM-63,PI533924
25ALM_BC1F3s1_1616,262.5,53,Mota Maradi,PI595745
25ALM_BC1F3s1_1617,288,56,Mota Maradi,PI576387
25ALM_BC1F3s1_1621,255.75,55,Mota Maradi,PI533937
25ALM_BC1F3s1_1622,344.5,66,IRAT204,PI656080
25ALM_BC1F3s1_1623,137.25,54,IRAT204,PI576332
25ALM_BC1F3s1_1624,264.25,59,Mota Maradi,PI576387
25ALM_BC1F3s1_1625,155,55,Macia,PI533936
25ALM_BC1F3s1_1627,274.5,81,CSM-63,PI534108
25ALM_BC1F3s1_1631,196.25,53,Mota Maradi,PI595745
25ALM_BC1F3s1_1633,275,53,Mota Maradi,PI597950
25ALM_BC1F3s1_1634,280.5,53,CSM-63,PI595739
25ALM_BC1F3s1_1636,284.25,53,Mota Maradi,PI576387
25ALM_BC1F3s1_1637,103.25,66,IRAT204,PI656058
25ALM_BC1F3s1_1639,242,56,CSM-63,PI655995
25ALM_BC1F3s1_1641,126,54,IRAT204,PI656026
25ALM_BC1F3s1_1642,173.75,50,IRAT204,PI533799
25ALM_BC1F3s1_1648,295.5,56,Mota Maradi,PI607931
25ALM_BC1F3s1_1658,103.25,55,IRAT204,PI595714
25ALM_BC1F3s1_1659,366.5,62,CSM-63,PI595739
25ALM_BC1F3s1_1660,286,56,Mota Maradi,PI607931
25ALM_BC1F3s1_1670,250.5,61,Mota Maradi,PI656005
25ALM_BC1F3s1_1671,324.75,55,CSM-63,PI534108
25ALM_BC1F3s1_1675,150.5,55,IRAT204,PI656026
25ALM_BC1F3s1_1683,250,53,Mota Maradi,PI597967
25ALM_BC1F3s1_1687,225.5,53,Mota Maradi,PI656005
25ALM_BC1F3s1_1689,152.5,56,IRAT204,PI641836
25ALM_BC1F3s1_1690,146.75,53,IRAT204,PI655993
25ALM_BC1F3s1_1692,239.25,50,CSM-63,PI601816
25ALM_BC1F3s1_1694,198.25,55,IRAT204,PI576359
25ALM_BC1F3s1_1700,129.5,56,IRAT204,PI656058
25ALM_BC1F3s1_1701,371.75,82,CSM-63,PI533924
25ALM_BC1F3s1_1704,129.5,53,IRAT204,PI656094
25ALM_BC1F3s1_1705,343.5,49,CSM-63,PI534108
25ALM_BC1F3s1_1713,261.25,55,Mota Maradi,PI576387
25ALM_BC1F3s1_1715,270.75,53,Mota Maradi,PI576387
25ALM_BC1F3s1_1717,115.5,53,IRAT204,PI656071
25ALM_BC1F3s1_1718,270.25,53,Mota Maradi,PI533788
25ALM_BC1F3s1_1719,177,53,IRAT204,PI576333
25ALM_BC1F3s1_1720,262.25,55,CSM-63,PI656012
25ALM_BC1F3s1_1721,237.5,53,Mota Maradi,PI533788
25ALM_BC1F3s1_1724,240.75,53,Mota Maradi,PI656005
25ALM_BC1F3s1_1726,263.5,66,Mota Maradi,PI607931
25ALM_BC1F3s1_1730,287.5,53,CSM-63,PI534108
25ALM_BC1F3s1_1733,265.75,61,Mota Maradi,PI576387
25ALM_BC1F3s1_1734,190.25,53,IRAT204,PI655992
25ALM_BC1F3s1_1737,213.75,48,Mota Maradi,PI597945
25ALM_BC1F3s1_1739,137.5,66,IRAT204,PI576339
25ALM_BC1F3s1_1741,97,66,IRAT204,PI656058
25ALM_BC1F3s1_1744,260,54,Mota Maradi,PI597950
25ALM_BC1F3s1_1745,132.75,59,IRAT204,PI656080
25ALM_BC1F3s1_1746,137,49,IRAT204,PI576337
25ALM_BC1F3s1_1747,166,54,IRAT204,PI576387
25ALM_BC1F3s1_1751,301,60,Mota Maradi,PI607931
25ALM_BC1F3s1_1752,145.25,54,IRAT204,PI656107
25ALM_BC1F3s1_1754,269.5,54,CSM-63,PI595739
25ALM_BC1F3s1_1756,160.25,55,IRAT204,PI533957
25ALM_BC1F3s1_1759,253.5,53,IRAT204,PI656094
25ALM_BC1F3s1_1761,212.5,54,IRAT204,PI656005
25ALM_BC1F3s1_1763,334.5,62,CSM-63,PI534127
25ALM_BC1F3s1_1764,124.5,56,Macia,PI656031
25ALM_BC1F3s1_1765,137.25,54,IRAT204,PI533830
25ALM_BC1F3s1_1768,280.25,54,Mota Maradi,PI533762
25ALM_BC1F3s1_1770,143,63,IRAT204,PI656071
25ALM_BC1F3s1_1772,196.5,49,IRAT204,PI576332
25ALM_BC1F3s1_1775,128.75,48,IRAT204,PI656098
25ALM_BC1F3s1_1784,343,60,CSM-63,PI534127
25ALM_BC1F3s1_1785,203.25,59,IRAT204,PI576339
25ALM_BC1F3s1_1789,265.25,53,Mota Maradi,PI533788
25ALM_BC1F3s1_1791,102,53,IRAT204,PI533987
25ALM_BC1F3s1_1792,116.25,61,IRAT204,PI656026
25ALM_BC1F3s1_1796,296,53,IRAT204,PI595720
25ALM_BC1F3s1_1797,320,60,Mota Maradi,PI607931
25ALM_BC1F3s1_1798,119.5,63,IRAT204,PI576435
25ALM_BC1F3s1_1799,184.5,50,IRAT204,PI656102
25ALM_BC1F3s1_1800,133.75,66,Macia,PI24969
25ALM_BC1F3s1_1802,194,59,IRAT204,PI656019
25ALM_BC1F3s1_1809,299,59,CSM-63,PI595739
25ALM_BC1F3s1_1810,208.5,56,IRAT204,PI533985
25ALM_BC1F3s1_1813,349.75,66,CSM-63,PI595739
25ALM_BC1F3s1_1814,258.5,66,CSM-63,PI534108
25ALM_BC1F3s1_1815,221.75,56,IRAT204,PI576435
25ALM_BC1F3s1_1820,205.75,54,IRAT204,PI576332
25ALM_BC1F3s1_1822,170,50,IRAT204,PI533949
25ALM_BC1F3s1_1824,270.25,66,CSM-63,PI595739
25ALM_BC1F3s1_1826,208.25,49,Mota Maradi,PI576387
25ALM_BC1F3s1_1830,221.75,55,IRAT204,PI533788
25ALM_BC1F3s1_1831,208.25,56,Mota Maradi,PI597945
25ALM_BC1F3s1_1834,206.75,53,IRAT204,PI656080
25ALM_BC1F3s1_1836,216.25,60,CSM-63,PI534108
25ALM_BC1F3s1_1841,190.5,55,IRAT204,PI656104
25ALM_BC1F3s1_1844,199.5,53,Mota Maradi,PI533788
25ALM_BC1F3s1_1848,295.5,53,Mota Maradi,PI656005
25ALM_BC1F3s1_1851,145.75,48,IRAT204,PI656107
25ALM_BC1F3s1_1852,344.75,73,CSM-63,PI534127
25ALM_BC1F3s1_1853,131.25,65,Macia,PI533936
25ALM_BC1F3s1_1855,295.5,73,Mota Maradi,PI607931
25ALM_BC1F3s1_1860,239.25,48,CSM-63,PI601816
25ALM_BC1F3s1_1861,365.5,66,CSM-63,PI534108
25ALM_BC1F3s1_1864,156.75,54,IRAT204,PI656026
25ALM_BC1F3s1_1868,162.25,53,IRAT204,PI656019
25ALM_BC1F3s1_1869,261.5,54,Mota Maradi,PI576387
25ALM_BC1F3s1_1870,342.75,64,CSM-63,PI595739
25ALM_BC1F3s1_1871,355.25,61,CSM-63,PI576401
25ALM_BC1F3s1_1875,359.25,62,CSM-63,PI534127
25ALM_BC1F3s1_1877,303.75,64,Mota Maradi,PI656005
25ALM_BC1F3s1_1882,290.75,55,Mota Maradi,PI595745
25ALM_BC1F3s1_1884,117.5,53,Macia,PI656029
25ALM_BC1F3s1_1887,352.25,53,CSM-63,PI595739
25ALM_BC1F3s1_1897,381,73,CSM-63,PI561472
25ALM_BC1F3s1_1899,212.75,54,Mota Maradi,PI561071
25ALM_BC1F3s1_1900,280,55,IRAT204,PI656073
25ALM_BC1F3s1_1912,137,53,IRAT204,PI576387
25ALM_BC1F3s1_1916,114.5,48,CSM-63,PI533980
25ALM_BC1F3s1_1917,305.25,73,CSM-63,PI595739
25ALM_BC1F3s1_1920,107.25,56,Macia,PI24969
25ALM_BC1F3s1_1928,121,53,Mota Maradi,PI533788
25ALM_BC1F3s1_1932,160.5,64,IRAT204,PI655976
25ALM_BC1F3s1_1935,193.5,53,IRAT204,PI656093
25ALM_BC1F3s1_1937,199,53,IRAT204,PI597980
25ALM_BC1F3s1_1938,190.75,48,IRAT204,PI576332
25ALM_BC1F3s1_1942,148.5,56,IRAT204,PI576435
25ALM_BC1F3s1_1944,333.5,66,CSM-63,PI656082
25ALM_BC1F3s1_1945,299.75,70,Mota Maradi,PI656098
25ALM_BC1F3s1_1946,285.25,56,IRAT204,PI656080
25ALM_BC1F3s1_1949,156,53,IRAT204,PI656107
25ALM_BC1F3s1_1952,221.25,53,Mota Maradi,PI607931
25ALM_BC1F3s1_1953,220.25,53,IRAT204,PI656093
25ALM_BC1F3s1_1954,318.75,56,Mota Maradi,PI533788
25ALM_BC1F3s1_1957,140.25,55,IRAT204,PI576435
25ALM_BC1F3s1_1961,193.75,55,IRAT204,PI653617
25ALM_BC1F3s1_1963,145,54,IRAT204,PI533991
25ALM_BC1F3s1_1969,130.75,54,IRAT204,PI597980
25ALM_BC1F3s1_1970,287.25,56,Mota Maradi,PI607931
25ALM_BC1F3s1_1971,121,54,IRAT204,PI656068
25ALM_BC1F3s1_1973,186.75,53,IRAT204,PI533830
25ALM_BC1F3s1_1976,260.5,53,IRAT204,PI656073
25ALM_BC1F3s1_1977,269.5,59,Mota Maradi,PI597945
25ALM_BC1F3s1_1984,174.75,64,CSM-63,PI595739
25ALM_BC1F3s1_1986,142,53,IRAT204,PI655975
25ALM_BC1F3s1_1989,190.25,53,IRAT204,PI595702
25ALM_BC1F3s1_1992,167.5,56,IRAT204,PI656101
25ALM_BC1F3s1_1993,270.5,54,Mota Maradi,PI533788
25ALM_BC1F3s1_1997,144,49,IRAT204,PI576435
25ALM_BC1F3s1_2002,314.5,55,IRAT204,PI533912
25ALM_BC1F3s1_2003,151.25,53,IRAT204,PI576337
25ALM_BC1F3s1_2011,295,53,Mota Maradi,PI597967
25ALM_BC1F3s1_2015,196.75,48,IRAT204,PI595720
25ALM_BC1F3s1_2016,257.75,55,IRAT204,PI576387
25ALM_BC1F3s1_2021,164.5,53,IRAT204,PI533961
25ALM_BC1F3s1_2024,253.75,56,Mota Maradi,PI533937
25ALM_BC1F3s1_2026,208.25,54,Mota Maradi,PI576387
25ALM_BC1F3s1_2027,219.75,55,Macia,PI656029
25ALM_BC1F3s1_2028,355.25,63,Mota Maradi,PI597945
25ALM_BC1F3s1_2029,259.5,66,Mota Maradi,PI576387
25ALM_BC1F3s1_2031,239,56,Mota Maradi,PI576387
25ALM_BC1F3s1_2032,157.5,56,IRAT204,PI533961
25ALM_BC1F3s1_2034,173,56,IRAT204,PI595714
25ALM_BC1F3s1_2035,341.25,59,CSM-63,PI595739
25ALM_BC1F3s1_2036,133.25,53,IRAT204,PI656025
25ALM_BC1F3s1_2039,315,67,CSM-63,PI534127
25ALM_BC1F3s1_2041,199.5,49,IRAT204,PI656093
25ALM_BC1F3s1_2042,276.5,53,Mota Maradi,PI595745
25ALM_BC1F3s1_2044,139.5,55,IRAT204,PI576339
25ALM_BC1F3s1_2047,252.25,53,IRAT204,PI533799
25ALM_BC1F3s1_2049,211.5,53,IRAT204,PI656093
25ALM_BC1F3s1_2057,263.5,53,Mota Maradi,PI576387
25ALM_BC1F3s1_2058,190.75,56,IRAT204,PI655993
25ALM_BC1F3s1_2062,161.75,53,IRAT204,PI655975
25ALM_BC1F3s1_2068,252.25,56,Mota Maradi,PI576387
25ALM_BC1F3s1_2071,347,59,CSM-63,PI534108
25ALM_BC1F3s1_2076,283.25,56,Mota Maradi,PI576387
25ALM_BC1F3s1_2088,237,55,Mota Maradi,PI576387
25ALM_BC1F3s1_2091,287.5,56,Mota Maradi,PI607931
25ALM_BC1F3s1_2099,220,49,Mota Maradi,PI533788
25ALM_BC1F3s1_2102,84.75,48,Macia,PI533936
25ALM_BC1F3s1_2111,156.5,54,IRAT204,PI656073
25ALM_BC1F3s1_2118,143.5,53,IRAT204,PI533961
25ALM_BC1F3s1_2121,230.75,53,Mota Maradi,PI607931
25ALM_BC1F3s1_2123,147.75,53,IRAT204,PI576435
25ALM_BC1F3s1_2124,133.5,53,IRAT204,PI656080
25ALM_BC1F3s1_2129,327.25,56,CSM-63,PI534127
25ALM_BC1F3s1_2132,132.25,48,IRAT204,PI595714
25ALM_BC1F3s1_2140,355.75,66,CSM-63,PI595739
25ALM_BC1F3s1_2142,164.75,48,IRAT204,PI656098
25ALM_BC1F3s1_2149,260,53,Mota Maradi,PI576387
25ALM_BC1F3s1_2159,212,60,Mota Maradi,PI576387
25ALM_BC1F3s1_2162,343.75,60,CSM-63,PI595739
25ALM_BC1F3s1_2163,149,48,IRAT204,PI533961
25ALM_BC1F3s1_2166,125.25,54,Macia,PI24969
25ALM_BC1F3s1_2169,125.75,50,IRAT204,PI533961
25ALM_BC1F3s1_2173,252,62,Mota Maradi,PI576387
25ALM_BC1F3s1_2175,295.75,64,CSM-63,PI534108
25ALM_BC1F3s1_2176,124.25,56,Macia,PI656031
25ALM_BC1F3s1_2182,262.25,59,Mota Maradi,PI576387
25ALM_BC1F3s1_2186,286.5,64,Mota Maradi,PI656098
25ALM_BC1F3s1_2188,115.5,56,IRAT204,PI533991
25ALM_BC1F3s1_2189,155,53,IRAT204,PI533830
25ALM_BC1F3s1_2190,203,54,Mota Maradi,PI576387
25ALM_BC1F3s1_2191,227.75,66,IRAT204,PI656068
25ALM_BC1F3s1_2194,195,53,IRAT204,PI641836
25ALM_BC1F3s1_2197,262,59,IRAT204,PI656081
25ALM_BC1F3s1_2198,262.25,53,Mota Maradi,PI533788
25ALM_BC1F3s1_2199,381.5,66,CSM-63,PI656036
25ALM_BC1F3s1_2200,142.5,53,IRAT204,PI656107
25ALM_BC1F3s1_2203,128.75,48,IRAT204,PI656026
25ALM_BC1F3s1_2214,164.25,53,IRAT204,PI656019
25ALM_BC1F3s1_2215,235,53,IRAT204,PI533799
25ALM_BC1F3s1_2218,295,55,Mota Maradi,PI576387
25ALM_BC1F3s1_2226,309,53,CSM-63,PI561472
25ALM_BC1F3s1_2227,204.25,54,IRAT204,PI533949
25ALM_BC1F3s1_2228,369.5,53,IRAT204,PI533799
25ALM_BC1F3s1_2233,100.25,64,Macia,PI533921
25ALM_BC1F3s1_2235,195,50,IRAT204,PI595720
25ALM_BC1F3s1_2236,199.75,62,Macia,PI656029
25ALM_BC1F3s1_2237,328.25,70,CSM-63,PI656082
25ALM_BC1F3s1_2238,289,56,Mota Maradi,PI533788
25ALM_BC1F3s1_2240,318.5,53,CSM-63,PI534108
25ALM_BC1F3s1_2243,147.75,53,IRAT204,PI533987
25ALM_BC1F3s1_2244,278.5,62,Mota Maradi,PI595745
25ALM_BC1F3s1_2246,333.5,66,CSM-63,PI595739
25ALM_BC1F3s1_2248,146,54,Macia,PI656031
25ALM_BC1F3s1_2249,172.75,54,IRAT204,PI576435
25ALM_BC1F3s1_2251,207.75,48,IRAT204,PI656073
25ALM_BC1F3s1_2252,208.75,56,IRAT204,PI533788
25ALM_BC1F3s1_2255,289.75,53,CSM-63,PI595739
25ALM_BC1F3s1_2256,276.25,59,CSM-63,PI656036
25ALM_BC1F3s1_2257,153.25,59,IRAT204,PI656094
25ALM_BC1F3s1_2263,344,66,CSM-63,PI595739
25ALM_BC1F3s1_2266,270,53,Mota Maradi,PI576387
25ALM_BC1F3s1_2273,303.75,53,Mota Maradi,PI597967
25ALM_BC1F3s1_2275,217.5,53,IRAT204,PI576332
25ALM_BC1F3s1_2276,158,56,IRAT204,PI656101
25ALM_BC1F3s1_2277,134.5,53,IRAT204,PI576435
25ALM_BC1F3s1_2278,274.25,53,Mota Maradi,PI533949
25ALM_BC1F3s1_2282,301,56,Mota Maradi,PI576387
25ALM_BC1F3s1_2288,157.25,53,IRAT204,PI656026
25ALM_BC1F3s1_2289,137.75,59,IRAT204,PI656094
25ALM_BC1F3s1_2292,107.75,59,IRAT204,PI576339
25ALM_BC1F3s1_2298,222,53,Mota Maradi,PI656005
25ALM_BC1F3s1_2299,259.75,56,IRAT204,PI656019
25ALM_BC1F3s1_2300,261,66,IRAT204,PI533949
25ALM_BC1F3s1_2301,262,56,Mota Maradi,PI533762
25ALM_BC1F3s1_2304,304.25,60,CSM-63,PI656036
25ALM_BC1F3s1_2306,412.25,66,CSM-63,PI534108
25ALM_BC1F3s1_2314,334.5,59,CSM-63,PI656036
25ALM_BC1F3s1_2316,107.75,53,IRAT204,PI533866
25ALM_BC1F3s1_2317,313.75,59,Mota Maradi,PI576387
25ALM_BC1F3s1_2320,324.5,54,Mota Maradi,PI656005
25ALM_BC1F3s1_2322,144.25,53,IRAT204,PI533961
25ALM_BC1F3s1_2325,386.5,73,CSM-63,PI595739
25ALM_BC1F3s1_2329,306,59,Mota Maradi,PI656005
25ALM_BC1F3s1_2334,325,56,IRAT204,PI653617
25ALM_BC1F3s1_2335,131.5,53,IRAT204,PI656025
25ALM_BC1F3s1_2341,371.75,70,CSM-63,PI534108
25ALM_BC1F3s1_2345,257.25,53,Mota Maradi,PI533986
25ALM_BC1F3s1_2346,250,53,Mota Maradi,PI656005
25ALM_BC1F3s1_2347,122.5,53,IRAT204,PI656101
25ALM_BC1F3s1_2351,246,56,IRAT204,PI576333
25ALM_BC1F3s1_2353,275,56,Mota Maradi,PI576387
25ALM_BC1F3s1_2360,223,53,IRAT204,PI656073
25ALM_BC1F3s1_2361,305.5,60,Mota Maradi,PI607931
25ALM_BC1F3s1_2368,177.25,53,IRAT204,PI533830
25ALM_BC1F3s1_2369,249.75,53,Mota Maradi,PI595745
25ALM_BC1F3s1_2372,229.75,54,Mota Maradi,PI561071
25ALM_BC1F3s1_2375,157.75,49,IRAT204,PI656026
25ALM_BC1F3s1_2376,249,53,IRAT204,PI533965
25ALM_BC1F3s1_2377,149.75,64,IRAT204,PI576435
25ALM_BC1F3s1_2378,147.75,66,IRAT204,PI656104
25ALM_BC1F3s1_2385,264,56,Mota Maradi,PI597945
25ALM_BC1F3s1_2387,188.75,53,Mota Maradi,PI576387
25ALM_BC1F3s1_2388,340.5,59,CSM-63,PI534127
25ALM_BC1F3s1_2390,238.75,50,IRAT204,PI533996
25ALM_BC1F3s1_2396,150.5,54,IRAT204,PI576337
25ALM_BC1F3s1_2402,285.75,55,Mota Maradi,PI656005
25ALM_BC1F3s1_2404,346.75,62,Mota Maradi,PI595745
25ALM_BC1F3s1_2418,387,70,CSM-63,PI595739
25ALM_BC1F3s1_2421,338,64,Mota Maradi,PI656098
25ALM_BC1F3s1_2424,240,55,Mota Maradi,PI656005
25ALM_BC1F3s1_2430,193.5,56,IRAT204,PI533788
25ALM_BC1F3s1_2432,264.5,60,Mota Maradi,PI576387
25ALM_BC1F3s1_2434,384.5,61,CSM-63,PI534127
25ALM_BC1F3s1_2436,211.25,56,IRAT204,PI533788
25ALM_BC1F3s1_2442,124.75,50,IRAT204,PI533866
25ALM_BC1F3s1_2444,140.25,61,Macia,PI24969
25ALM_BC1F3s1_2445,240,56,Mota Maradi,PI656005
25ALM_BC1F3s1_2450,221,53,Mota Maradi,PI656005
25ALM_BC1F3s1_2457,90.25,66,Macia,PI24969
25ALM_BC1F3s1_2459,216.25,56,Macia,PI533921
25ALM_BC1F3s1_2460,297.5,56,Mota Maradi,PI607931
25ALM_BC1F3s1_2462,212,55,Mota Maradi,PI607931
25ALM_BC1F3s1_2464,115.75,53,IRAT204,PI595714
25ALM_BC1F3s1_2466,137.25,61,IRAT204,PI656107
25ALM_BC1F3s1_2471,177.75,60,IRAT204,PI576333
25ALM_BC1F3s1_2473,153.25,59,IRAT204,PI576435
25ALM_BC1F3s1_2474,357,70,CSM-63,PI534127
25ALM_BC1F3s1_2477,139.5,57,Macia,PI533921
25ALM_BC1F3s1_2478,250.5,55,Mota Maradi,PI656005
25ALM_BC1F3s1_2480,156.75,56,Macia,PI656029
25ALM_BC1F3s1_2481,164,62,IRAT204,PI656085
25ALM_BC1F3s1_2482,138.5,54,IRAT204,PI656026
25ALM_BC1F3s1_2494,110.75,66,IRAT204,PI533957
25ALM_BC1F3s1_2499,235,55,Mota Maradi,PI656005
25ALM_BC1F3s1_2502,265.75,53,Mota Maradi,PI595745
25ALM_BC1F3s1_2504,276.25,61,Mota Maradi,PI533937
25ALM_BC1F3s1_2512,225.5,53,Mota Maradi,PI607931
25ALM_BC1F3s1_2514,343.25,63,CSM-63,PI595739
25ALM_BC1F3s1_2526,241.5,53,Mota Maradi,PI576387
25ALM_BC1F3s1_2529,116.75,53,IRAT204,PI656081
25ALM_BC1F3s1_2530,219,63,Mota Maradi,PI597945
25ALM_BC1F3s1_2532,160.25,55,IRAT204,PI533965
25ALM_BC1F3s1_2533,303.25,55,Mota Maradi,PI597945
25ALM_BC1F3s1_2539,157,56,IRAT204,PI656104
25ALM_BC1F3s1_2544,313.25,66,CSM-63,PI595739
25ALM_BC1F3s1_2547,287.25,66,Mota Maradi,PI576387
25ALM_BC1F3s1_2549,324.5,55,CSM-63,PI595739
25ALM_BC1F3s1_2551,283.25,53,Mota Maradi,PI595745
25ALM_BC1F3s1_2552,272.25,68,CSM-63,PI534108
25ALM_BC1F3s1_2553,302.5,70,Mota Maradi,PI576387
25ALM_BC1F3s1_2563,228.25,53,IRAT204,PI656094
25ALM_BC1F3s1_2569,103,55,IRAT204,PI533987
25ALM_BC1F3s1_2572,154.5,53,IRAT204,PI576387
25ALM_BC1F3s1_2574,150.5,55,IRAT204,PI656104
25ALM_BC1F3s1_2576,181.75,49,Mota Maradi,PI595745
25ALM_BC1F3s1_2577,345.75,64,CSM-63,PI595739
25ALM_BC1F3s1_2578,198,70,Macia,PI656029
25ALM_BC1F3s1_2579,160.25,53,Mota Maradi,PI597945
25ALM_BC1F3s1_2580,302,59,Mota Maradi,PI576387
25ALM_BC1F3s1_2589,184.25,56,IRAT204,PI533987
25ALM_BC1F3s1_2591,135.5,48,IRAT204,PI656026
25ALM_BC1F3s1_2594,378.75,59,CSM-63,PI656036
25ALM_BC1F3s1_2595,247.25,50,IRAT204,PI656098
25ALM_BC1F3s1_2598,236.75,55,Mota Maradi,PI576387
25ALM_BC1F3s1_2599,183,53,IRAT204,PI533996
25ALM_BC1F3s1_2604,148,53,IRAT204,PI533961
25ALM_BC1F3s1_2608,158.75,48,IRAT204,PI534037
25ALM_BC1F3s1_2610,177,55,IRAT204,PI656093
25ALM_BC1F3s1_2614,268.75,67,Mota Maradi,PI533937
25ALM_BC1F3s1_2621,125,54,IRAT204,PI576435
25ALM_BC1F3s1_2622,270.5,54,Mota Maradi,PI607931
25ALM_BC1F3s1_2627,129,53,IRAT204,PI595702
25ALM_BC1F3s1_2630,88.75,56,IRAT204,PI656005
25ALM_BC1F3s1_2631,278.25,55,Mota Maradi,PI607931
25ALM_BC1F3s1_2632,108,48,IRAT204,PI656025
25ALM_BC1F3s1_2639,255.25,54,Mota Maradi,PI576387
25ALM_BC1F3s1_2644,357.5,61,CSM-63,PI655995
25ALM_BC1F3s1_2647,108.75,56,IRAT204,PI655976
25ALM_BC1F3s1_2661,232,66,IRAT204,PI656098
25ALM_BC1F3s1_2662,190.5,53,IRAT204,PI656094
25ALM_BC1F3s1_2663,292.5,56,CSM-63,PI595739
25ALM_BC1F3s1_2664,132,53,IRAT204,PI656026
25ALM_BC1F3s1_2667,261,53,IRAT204,PI655992
25ALM_BC1F3s1_2668,238.25,59,Mota Maradi,PI576387
25ALM_BC1F3s1_2669,272.25,59,Mota Maradi,PI561071
25ALM_BC1F3s1_2671,138.75,66,Macia,PI656031
25ALM_BC1F3s1_2676,155.5,49,IRAT204,PI656107
25ALM_BC1F3s1_2680,339.75,60,CSM-63,PI576401
25ALM_BC1F3s1_2681,226,48,Mota Maradi,PI533788
25ALM_BC1F3s1_2682,262.25,55,Mota Maradi,PI607931
25ALM_BC1F3s1_2687,240.25,70,CSM-63,PI595739
25ALM_BC1F3s1_2688,281.25,53,Mota Maradi,PI595745
25ALM_BC1F3s1_2689,142,54,IRAT204,PI576333
25ALM_BC1F3s1_2698,214.25,53,IRAT204,PI641836
25ALM_BC1F3s1_2699,302.75,56,CSM-63,PI656036
25ALM_BC1F3s1_2705,185.5,56,IRAT204,PI576359
25ALM_BC1F3s1_2706,315,55,Mota Maradi,PI576387
25ALM_BC1F3s1_2707,187,53,IRAT204,PI656025
25ALM_BC1F3s1_2710,116,48,IRAT204,PI656107
25ALM_BC1F3s1_2715,193.25,54,Mota Maradi,PI576387
25ALM_BC1F3s1_2718,324.5,53,CSM-63,PI561472
25ALM_BC1F3s1_2719,142.75,53,IRAT204,PI656071
25ALM_BC1F3s1_2723,217.25,53,IRAT204,PI576332
25ALM_BC1F3s1_2724,123.25,49,IRAT204,PI576435
25ALM_BC1F3s1_2725,248,56,Mota Maradi,PI533788
25ALM_BC1F3s1_2728,163.25,53,IRAT204,PI656081
25ALM_BC1F3s1_2732,263.25,53,Mota Maradi,PI576387
25ALM_BC1F3s1_2733,257.75,55,CSM-63,PI534108
25ALM_BC1F3s1_2735,156,53,IRAT204,PI533957
25ALM_BC1F3s1_2739,277,53,CSM-63,PI656036
25ALM_BC1F3s1_2740,188.25,53,IRAT204,PI597980
25ALM_BC1F3s1_2744,277.75,70,CSM-63,PI656036
25ALM_BC1F3s1_2745,264,55,Mota Maradi,PI607931
25ALM_BC1F3s1_2749,191,60,IRAT204,PI655976
25ALM_BC1F3s1_2750,191.75,66,CSM-63,PI595739
25ALM_BC1F3s1_2753,231.75,60,IRAT204,PI576333
25ALM_BC1F3s1_2758,181.75,56,IRAT204,PI656068
25ALM_BC1F3s1_2761,215.5,53,Mota Maradi,PI607931
25ALM_BC1F3s1_2762,166.5,53,IRAT204,PI533912
25ALM_BC1F3s1_2770,161.75,53,IRAT204,PI656026
25ALM_BC1F3s1_2771,299.75,53,IRAT204,PI656073
25ALM_BC1F3s1_2778,313.5,48,CSM-63,PI561472
25ALM_BC1F3s1_2784,268.5,59,CSM-63,PI595739
25ALM_BC1F3s1_2785,270,54,Mota Maradi,PI576387
25ALM_BC1F3s1_2791,290.5,55,Mota Maradi,PI607931
25ALM_BC1F3s1_2795,276,55,Mota Maradi,PI533949
25ALM_BC1F3s1_2798,145.25,54,IRAT204,PI533949
25ALM_BC1F3s1_2802,260.75,53,Mota Maradi,PI576387
25ALM_BC1F3s1_2803,152.75,53,Macia,PI656031
25ALM_BC1F3s1_2804,299,56,Mota Maradi,PI607931
25ALM_BC1F3s1_2810,140,48,IRAT204,PI597980
25ALM_BC1F3s1_2812,258.5,53,Mota Maradi,PI533788
25ALM_BC1F3s1_2813,201.75,54,IRAT204,PI533987
25ALM_BC1F3s1_2814,394.75,66,CSM-63,PI534108
25ALM_BC1F3s1_2816,121.25,60,IRAT204,PI655993
25ALM_BC1F3s1_2818,131,53,IRAT204,PI655975
25ALM_BC1F3s1_2887,143.25,59,IRAT204,PI656096
25ALM_BC1F3s1_2894,145.5,56,IRAT204,PI656098
25ALM_BC1F3s1_2914,137.25,50,IRAT204,PI533830
GMS_MN2025_104044,232,54,Mota Maradi,PI597945
GMS_MN2025_104048,158.5,52,IRAT204,PI656081
GMS_MN2025_104053,138,52,IRAT204,PI595702
GMS_MN2025_104056,196.75,54,IRAT204,PI656094
GMS_MN2025_104058,352.25,63,CSM-63,PI595739
GMS_MN2025_104060,300.25,57,CSM-63,PI534127
GMS_MN2025_104063,109,52,IRAT204,PI533830
GMS_MN2025_104065,236.75,54,Mota Maradi,PI576387
GMS_MN2025_105044,287,57,Mota Maradi,PI607931
GMS_MN2025_105051,354.5,54,CSM-63,PI595739
GMS_MN2025_105055,278,54,Mota Maradi,PI576387
GMS_MN2025_105057,141.25,59,IRAT204,PI533788
GMS_MN2025_105059,276.5,57,Mota Maradi,PI597945
GMS_MN2025_105061,115,52,IRAT204,PI655993
GMS_MN2025_105063,129.75,57,Macia,PI533758
GMS_MN2025_105064,279.5,67,CSM-63,PI656036
GMS_MN2025_105065,230,55,Macia,PI533921
GMS_MN2025_106044,256.5,54,Mota Maradi,PI576387
GMS_MN2025_106048,201.5,50,IRAT204,PI576332
GMS_MN2025_106057,159,50,IRAT204,PI656025
GMS_MN2025_106059,134,57,IRAT204,PI595702
GMS_MN2025_106061,271.25,50,IRAT204,PI534037
GMS_MN2025_106065,150.25,52,IRAT204,PI533991
GMS_MN2025_107045,268,57,IRAT204,PI534037
GMS_MN2025_107046,193,57,IRAT204,PI656085
GMS_MN2025_107054,143.5,57,IRAT204,PI656026
GMS_MN2025_107055,131,57,IRAT204,PI655976
GMS_MN2025_107057,285.75,57,IRAT204,PI656080
GMS_MN2025_107058,143,57,IRAT204,PI656026
GMS_MN2025_107060,216.25,52,IRAT204,PI653617
GMS_MN2025_107062,128.25,63,IRAT204,PI655975
GMS_MN2025_107064,109.25,50,IRAT204,PI655976
GMS_MN2025_108044,128,50,IRAT204,PI533830
GMS_MN2025_108057,129,57,Macia,PI656031
GMS_MN2025_108061,124,52,IRAT204,PI656104
GMS_MN2025_108062,206.25,57,Mota Maradi,PI597945
GMS_MN2025_108064,281,63,Mota Maradi,PI607931
GMS_MN2025_109045,283.25,52,IRAT204,PI576387
GMS_MN2025_109046,82,63,Macia,PI533921
GMS_MN2025_109047,150.25,50,IRAT204,PI656104
GMS_MN2025_109048,264.25,54,Mota Maradi,PI533937
GMS_MN2025_109053,278.25,55,Mota Maradi,PI533937
GMS_MN2025_109055,94.25,50,IRAT204,PI533830
GMS_MN2025_109058,222.75,50,IRAT204,PI533996
GMS_MN2025_109060,133.5,57,Macia,PI656031
GMS_MN2025_109061,184.25,63,IRAT204,PI533961
GMS_MN2025_109063,242.5,50,IRAT204,PI533949
GMS_MN2025_110045,368.5,63,CSM-63,PI656036
GMS_MN2025_110051,193.5,52,IRAT204,PI656025
GMS_MN2025_110052,160.25,52,IRAT204,PI655977
GMS_MN2025_110064,388.5,63,CSM-63,PI534108
GMS_MN2025_110066,140.25,52,IRAT204,PI576435
GMS_MN2025_111045,283,54,Mota Maradi,PI576387
GMS_MN2025_111047,147.5,50,IRAT204,PI576333
GMS_MN2025_111050,212.75,52,IRAT204,PI533965
GMS_MN2025_111053,248.75,52,IRAT204,PI656104
GMS_MN2025_111058,206,52,IRAT204,PI656094
GMS_MN2025_112044,134,54,IRAT204,PI656026
GMS_MN2025_112045,285,54,Mota Maradi,PI533937
GMS_MN2025_112052,155,50,IRAT204,PI533987
GMS_MN2025_112053,192,57,Macia,PI533758
GMS_MN2025_112056,192,52,IRAT204,PI656068
GMS_MN2025_112059,138.5,57,IRAT204,PI656058
GMS_MN2025_112060,276,52,Macia,PI533921
GMS_MN2025_112066,125.5,57,Macia,PI533758
GMS_MN2025_113047,139,54,Macia,PI533921
GMS_MN2025_113048,379.5,70,CSM-63,PI595739
GMS_MN2025_113049,183.5,54,IRAT204,PI533987
GMS_MN2025_113052,151.25,52,IRAT204,PI576337
GMS_MN2025_113053,272.5,54,Macia,PI24969
GMS_MN2025_113054,303.5,54,Mota Maradi,PI597945
GMS_MN2025_113056,93.75,59,IRAT204,PI655993
GMS_MN2025_113057,165,54,Macia,PI533921
GMS_MN2025_113059,233.25,52,Mota Maradi,PI607931
GMS_MN2025_113060,102,54,IRAT204,PI655977
GMS_MN2025_113062,280.25,52,Mota Maradi,PI576387
GMS_MN2025_113063,262,NA,IRAT204,PI656073
GMS_MN2025_113065,197,57,IRAT204,PI656068
GMS_MN2025_114047,119.25,52,IRAT204,PI595720
GMS_MN2025_114048,243,57,IRAT204,PI533830
GMS_MN2025_114049,170,52,IRAT204,PI656098
GMS_MN2025_114052,209,50,IRAT204,PI533949
GMS_MN2025_114053,160.25,57,IRAT204,PI533979
GMS_MN2025_114054,358,59,CSM-63,PI534127
GMS_MN2025_114055,299.25,54,IRAT204,PI533991
GMS_MN2025_114056,210.75,50,IRAT204,PI576387
GMS_MN2025_114057,90.5,52,IRAT204,PI656005
GMS_MN2025_114058,278.75,57,Mota Maradi,PI656098
GMS_MN2025_114059,295.25,59,Mota Maradi,PI607931
GMS_MN2025_114061,140.25,52,IRAT204,PI595720
GMS_MN2025_114063,187.5,52,IRAT204,PI655977
GMS_MN2025_115046,366,59,CSM-63,PI534108
GMS_MN2025_115047,129.5,52,IRAT204,PI655976
GMS_MN2025_115048,151,50,IRAT204,PI656025
GMS_MN2025_115049,244.5,52,Mota Maradi,PI576387
GMS_MN2025_115051,206.25,52,IRAT204,PI656073
GMS_MN2025_115052,168,52,IRAT204,PI655977
GMS_MN2025_115054,188.5,57,IRAT204,PI656085
GMS_MN2025_115056,295.25,63,CSM-63,PI533980
GMS_MN2025_115063,223.75,50,IRAT204,PI533991
GMS_MN2025_115064,141.75,52,IRAT204,PI656005
GMS_MN2025_115065,183,57,Macia,PI533758
GMS_MN2025_116044,152,57,IRAT204,PI655992
GMS_MN2025_116048,207,52,IRAT204,PI656019
GMS_MN2025_116050,182.75,NA,IRAT204,PI595702
GMS_MN2025_116051,110.75,54,IRAT204,PI656005
GMS_MN2025_116053,370.25,52,CSM-63,PI561472
GMS_MN2025_116054,284.75,57,Mota Maradi,PI607931
GMS_MN2025_116055,141.75,57,IRAT204,PI656068
GMS_MN2025_116057,210.75,52,IRAT204,PI533866
GMS_MN2025_116059,144.75,50,IRAT204,PI533987
GMS_MN2025_116060,178.75,52,IRAT204,PI656098
GMS_MN2025_116061,272.75,52,Mota Maradi,PI576387
GMS_MN2025_116063,122.5,52,IRAT204,PI655993
GMS_MN2025_116064,275.5,52,Mota Maradi,PI607931
GMS_MN2025_116066,166.25,52,IRAT204,PI533830
GMS_MN2025_117050,121.5,50,IRAT204,PI656101
GMS_MN2025_117054,281.25,52,Mota Maradi,PI533949
GMS_MN2025_117059,240.75,52,IRAT204,PI533799
GMS_MN2025_117062,132.5,54,IRAT204,PI655975
GMS_MN2025_117063,117.5,57,Macia,PI533936
GMS_MN2025_117064,104.75,50,IRAT204,PI656005
GMS_MN2025_118047,281.5,52,Mota Maradi,PI561071
GMS_MN2025_118048,173.5,50,IRAT204,PI533830
GMS_MN2025_118050,158.25,57,IRAT204,PI655976
GMS_MN2025_118052,276,52,Mota Maradi,PI597967
GMS_MN2025_118053,110.25,59,IRAT204,PI576333
GMS_MN2025_118057,147,52,IRAT204,PI656026
GMS_MN2025_118062,181.5,52,Macia,PI656029
GMS_MN2025_118066,217.75,50,IRAT204,PI533965
GMS_MN2025_119047,179.5,50,IRAT204,PI533949
GMS_MN2025_119050,146,54,IRAT204,PI655977
GMS_MN2025_119057,192,50,Mota Maradi,PI656005
GMS_MN2025_120044,126.5,53,IRAT204,PI576435
GMS_MN2025_120045,120.5,52,IRAT204,PI656058
GMS_MN2025_120053,125.25,52,IRAT204,PI533996
GMS_MN2025_120054,194.25,57,Macia,PI656029
GMS_MN2025_120057,245.5,54,Mota Maradi,PI561071
GMS_MN2025_120064,311.75,53,Mota Maradi,PI607931
GMS_MN2025_120065,269.25,50,IRAT204,PI533991
GMS_MN2025_121045,347.25,54,CSM-63,PI601816
GMS_MN2025_121047,295.75,63,Mota Maradi,PI533937
GMS_MN2025_121048,132.5,50,IRAT204,PI533949
GMS_MN2025_121056,149.75,52,IRAT204,PI656026
GMS_MN2025_121057,193,54,IRAT204,PI576339
GMS_MN2025_121062,122,50,IRAT204,PI533957
GMS_MN2025_121064,180.75,52,IRAT204,PI533830
GMS_MN2025_122048,250.5,52,IRAT204,PI534037
GMS_MN2025_122056,291,54,Mota Maradi,PI597967
GMS_MN2025_122058,127.25,52,IRAT204,PI533866
GMS_MN2025_122059,165.5,54,IRAT204,PI576332
GMS_MN2025_122063,191.25,52,IRAT204,PI656093
GMS_MN2025_122064,156.75,52,IRAT204,PI656105
GMS_MN2025_123045,120,52,IRAT204,PI656107
GMS_MN2025_123046,129,54,IRAT204,PI576387
GMS_MN2025_123047,165.75,50,IRAT204,PI576339
GMS_MN2025_123048,155.5,52,IRAT204,PI533830
GMS_MN2025_123051,181,59,IRAT204,PI576339
GMS_MN2025_123055,147.25,59,Macia,PI656029
GMS_MN2025_123059,119,50,IRAT204,PI576339
GMS_MN2025_123061,200,52,IRAT204,PI656094
GMS_MN2025_124047,328.5,63,CSM-63,PI595739
GMS_MN2025_124059,199.25,50,Mota Maradi,PI576387
GMS_MN2025_124063,159.5,52,IRAT204,PI576333
GMS_MN2025_124065,141.25,52,IRAT204,PI656005
GMS_MN2025_124066,209,59,CSM-63,PI533980
GMS_MN2025_125044,341.5,54,CSM-63,PI534127
GMS_MN2025_125045,175.75,59,IRAT204,PI533866
GMS_MN2025_125046,122.5,57,Macia,PI656029
GMS_MN2025_125047,231.25,50,IRAT204,PI576333
GMS_MN2025_125053,126.5,52,IRAT204,PI533965
GMS_MN2025_125057,123.75,52,IRAT204,PI597980
GMS_MN2025_126044,139,50,IRAT204,PI656101
GMS_MN2025_126045,131,59,Macia,PI656031
GMS_MN2025_126049,118.5,52,IRAT204,PI576435
GMS_MN2025_126050,274,59,Macia,PI533758
GMS_MN2025_126057,119,54,Macia,PI533936
GMS_MN2025_126064,138,57,Macia,PI656031
GMS_MN2025_126065,264.5,52,Mota Maradi,PI561071
GMS_MN2025_127044,119.75,54,IRAT204,PI656005
GMS_MN2025_127047,203,57,IRAT204,PI533965
GMS_MN2025_127048,128.5,52,IRAT204,PI656058
GMS_MN2025_127051,153,57,Macia,PI24969
GMS_MN2025_127052,285.5,54,Mota Maradi,PI561071
GMS_MN2025_127055,195.75,52,IRAT204,PI655992
GMS_MN2025_127057,126.5,57,IRAT204,PI656104
GMS_MN2025_127061,94.25,52,IRAT204,PI576333
GMS_MN2025_127064,281.5,57,Mota Maradi,PI597945
GMS_MN2025_128044,155.75,62,IRAT204,PI656026
GMS_MN2025_128045,209.5,57,Macia,PI533936
GMS_MN2025_128047,142.5,52,IRAT204,PI656005
GMS_MN2025_128048,189,52,IRAT204,PI533912
GMS_MN2025_128051,184,52,IRAT204,PI533965
GMS_MN2025_128058,274.25,57,Mota Maradi,PI656005
GMS_MN2025_128065,249.5,52,Mota Maradi,PI576387
GMS_MN2025_129050,210,59,IRAT204,PI656085
GMS_MN2025_129053,249.25,62,CSM-63,PI656012
GMS_MN2025_129055,390.25,62,CSM-63,PI534108
GMS_MN2025_129056,379.5,61,CSM-63,PI534108
GMS_MN2025_129058,116,52,IRAT204,PI655992
GMS_MN2025_129061,213.75,50,IRAT204,PI576332
GMS_MN2025_129062,150,62,Macia,PI533758
GMS_MN2025_129065,339.25,57,CSM-63,PI595739
GMS_MN2025_130050,142.75,54,IRAT204,PI655977
GMS_MN2025_130051,247,52,Mota Maradi,PI656005
GMS_MN2025_130052,146.5,54,IRAT204,PI656026
GMS_MN2025_130053,240,52,Mota Maradi,PI576387
GMS_MN2025_130060,254.5,52,Macia,PI533921
GMS_MN2025_130062,226.75,52,Mota Maradi,PI656098
GMS_MN2025_130063,118,52,IRAT204,PI533985
GMS_MN2025_130065,153,52,IRAT204,PI656107
GMS_MN2025_131045,262.25,57,Mota Maradi,PI656005
GMS_MN2025_131051,257.5,57,Mota Maradi,PI576387
GMS_MN2025_131052,152.5,50,IRAT204,PI655992
GMS_MN2025_131053,174.75,54,IRAT204,PI656104
GMS_MN2025_131055,134.75,50,IRAT204,PI656096
GMS_MN2025_131056,204.5,57,Macia,PI656029
GMS_MN2025_131057,305.5,54,IRAT204,PI533949
GMS_MN2025_131059,177.75,57,IRAT204,PI656094
GMS_MN2025_131060,118.25,50,IRAT204,PI656081
GMS_MN2025_131063,263.75,57,Mota Maradi,PI597950
GMS_MN2025_131064,142.25,50,IRAT204,PI653617
GMS_MN2025_131066,218.25,52,Mota Maradi,PI656098
GMS_MN2025_132045,100.75,52,IRAT204,PI533949
GMS_MN2025_132046,130,52,Macia,PI656031
GMS_MN2025_132051,181.5,70,Macia,PI533936
GMS_MN2025_132052,135.25,50,IRAT204,PI656101
GMS_MN2025_132056,296,67,Mota Maradi,PI656098
GMS_MN2025_132061,124.75,53,IRAT204,PI576435
GMS_MN2025_132062,271.5,54,Mota Maradi,PI607931
GMS_MN2025_133047,200.25,54,IRAT204,PI656101
GMS_MN2025_133049,104.25,52,IRAT204,PI655975
GMS_MN2025_133052,101.5,67,IRAT204,PI576333
GMS_MN2025_133056,116.25,52,IRAT204,PI656104
GMS_MN2025_133065,142.5,57,IRAT204,PI576435
GMS_MN2025_134047,289.75,52,Mota Maradi,PI597967
GMS_MN2025_134048,232.5,50,Mota Maradi,PI576387
GMS_MN2025_134053,122.75,50,IRAT204,PI533985
GMS_MN2025_134058,339.5,57,CSM-63,PI595739
GMS_MN2025_134059,214.25,57,Macia,PI533921
GMS_MN2025_134060,142,57,IRAT204,PI576435
GMS_MN2025_134066,135.5,52,IRAT204,PI656058
GMS_MN2025_135044,82.5,57,Macia,PI533758
GMS_MN2025_135045,177,52,IRAT204,PI597980
GMS_MN2025_135046,258.75,59,Macia,PI533758
GMS_MN2025_135051,82,53,IRAT204,PI656019
GMS_MN2025_135053,190.25,50,IRAT204,PI533965
GMS_MN2025_135056,275.25,57,Macia,PI533758
GMS_MN2025_135057,256.75,57,Mota Maradi,PI576387
GMS_MN2025_135058,139.5,50,IRAT204,PI576339
GMS_MN2025_135063,97.5,57,IRAT204,PI655993
GMS_MN2025_135064,105,53,IRAT204,PI533985
GMS_MN2025_136044,302.25,55,IRAT204,PI533991
GMS_MN2025_136048,413.25,67,CSM-63,PI534108
GMS_MN2025_136050,159.5,54,IRAT204,PI576333
GMS_MN2025_136056,307,54,Mota Maradi,PI656005
GMS_MN2025_136057,242,52,Mota Maradi,PI597945
GMS_MN2025_136062,210.75,62,IRAT204,PI597980
GMS_MN2025_136063,266.25,70,CSM-63,PI534127
GMS_MN2025_136064,248.5,52,Mota Maradi,PI607931
GMS_MN2025_137044,183.5,55,IRAT204,PI576359
GMS_MN2025_137045,156.5,52,IRAT204,PI655992
GMS_MN2025_137049,138,54,IRAT204,PI534037
GMS_MN2025_137058,110.25,52,IRAT204,PI533961
GMS_MN2025_137064,141.5,52,Macia,PI656029
GMS_MN2025_137065,347.25,57,CSM-63,PI533980
GMS_MN2025_137066,161.75,54,IRAT204,PI576387
GMS_MN2025_138045,130.5,50,IRAT204,PI656026
GMS_MN2025_138047,334,55,CSM-63,PI534108
GMS_MN2025_138054,174,55,IRAT204,PI576435
GMS_MN2025_138057,220.5,50,IRAT204,PI576332
GMS_MN2025_138066,144.5,52,IRAT204,PI656107
GMS_MN2025_211108,204.75,49,IRAT204,PI533912
GMS_MN2025_213107,229.75,55,Mota Maradi,PI597950
GMS_MN2025_213108,128.5,57,IRAT204,PI533987
GMS_MN2025_215107,125,52,IRAT204,PI595702
GMS_MN2025_216106,161,52,IRAT204,PI533979
GMS_MN2025_216108,147.25,48,IRAT204,PI533957
GMS_MN2025_217106,177.25,57,IRAT204,PI656073
GMS_MN2025_217108,149.75,49,IRAT204,PI533957
GMS_MN2025_218106,187.25,55,IRAT204,PI656073
GMS_MN2025_218107,221.25,52,IRAT204,PI533912
GMS_MN2025_218108,218.75,60,Macia,PI24969
GMS_MN2025_219106,163.75,57,Macia,PI533758
GMS_MN2025_219108,156.5,52,IRAT204,PI655975
GMS_MN2025_220106,140.25,52,IRAT204,PI653617
GMS_MN2025_221107,235.5,52,CSM-63,PI655995
GMS_MN2025_222106,177.5,59,IRAT204,PI641836
GMS_MN2025_222107,229.5,59,Macia,PI533758
GMS_MN2025_223106,186.25,67,Macia,PI533758
GMS_MN2025_223107,186.25,55,IRAT204,PI656096
GMS_MN2025_224107,155.75,60,Macia,PI24969
GMS_MN2025_225106,154.5,63,Macia,PI533758
GMS_MN2025_225108,200.5,65,Macia,PI24969
GMS_MN2025_226106,189.5,48,CSM-63,PI533924
GMS_MN2025_227106,163.25,59,IRAT204,PI641836
GMS_MN2025_228107,122.25,55,Macia,PI656031